First Name,Last Name,Datetime,email,gender,address,Family Name (Chinese)
Tadio,Gage,17.10.1738,tgage0@thetimes.co.uk,Female,,寇
Verna,Pimlott,1.11.1354,vpimlott1@umn.edu,Genderfluid,37 Bartelt Terrace,谷
Bink,Ewbanche,,bewbanche2@opensource.org,Non-binary,1 Kropf Terrace,臧
Morie,Hamby,9.6.1392,mhamby3@joomla.org,Polygender,5155 Arkansas Junction,裘
Allis,Tees,18.9.1585,atees4@photobucket.com,Agender,72431 Fieldstone Point,庾
,Kettlesing,22.8.1281,lkettlesing5@51.la,Male,,方
Andras,Spadazzi,11.3.1493,aspadazzi6@biglobe.ne.jp,Female,31759 Pierstorff Avenue,明
Harman,Morpeth,29.12.1598,hmorpeth7@seesaa.net,Polygender,541 Hazelcrest Plaza,郗
,Vittet,13.7.1016,mvittet8@sfgate.com,Genderqueer,,龙
Darbie,McCaughey,8.6.1599,dmccaughey9@unesco.org,Male,0 Forest Run Terrace,强
Corette,Axworthy,12.7.1059,caxworthya@google.ru,Genderqueer,,屈
Gloriane,Stebbin,2.10.1076,gstebbinb@de.vu,Bigender,99544 Valley Edge Circle,钱
Lee,Monteith,,lmonteithc@csmonitor.com,Bigender,56 7th Park,吕
Mordy,Inns,26.1.1858,minnsd@prnewswire.com,Agender,69 Shelley Trail,扈
Law,Annetts,17.3.0587,lannettse@instagram.com,Male,626 Blaine Parkway,谈
Christophorus,Kynforth,28.11.0870,ckynforthf@github.com,Non-binary,,邢
Flint,Pople,24.12.1496,fpopleg@bloglines.com,Male,9511 Steensland Way,符
Lotta,Wasielewicz,13.7.1730,lwasielewiczh@goo.ne.jp,Genderqueer,25171 Utah Terrace,葛
Kettie,Heintze,,kheintzei@etsy.com,Female,,储
Jasper,Havard,11.5.0434,jhavardj@last.fm,Polygender,190 Mccormick Street,龚
Leif,Crowcroft,15.4.1790,lcrowcroftk@biglobe.ne.jp,Polygender,86152 Grayhawk Junction,邴
Hermina,Brahmer,19.7.1821,hbrahmerl@bizjournals.com,Genderfluid,3 Arizona Circle,李
Reina,Dahle,28.11.0815,rdahlem@ed.gov,Polygender,,计
Celestyn,Aiers,11.1.1428,caiersn@census.gov,Genderfluid,135 East Plaza,舒
Brody,McCard,24.5.0050,bmccardo@umich.edu,Agender,758 Rowland Hill,文
Jenna,Petrowsky,,jpetrowskyp@chicagotribune.com,Non-binary,8 Lighthouse Bay Park,许
Nikita,Bever,,nbeverq@un.org,Polygender,,凌
Sheena,Eyam,20.12.0617,seyamr@noaa.gov,Genderqueer,7 Nobel Junction,劳
Oneida,Harman,,oharmans@gravatar.com,Male,,应
Farrah,Storror,27.6.0638,fstorrort@github.io,Agender,,项
Daven,Beernt,19.1.0735,dbeerntu@purevolume.com,Genderfluid,1178 Monterey Park,麴
Cristin,Freiburger,,cfreiburgerv@tripadvisor.com,Male,61 Cottonwood Hill,苏
Enrica,Strutt,14.3.1962,estruttw@reverbnation.com,Non-binary,03 Upham Terrace,糜
Sergeant,Scorer,,sscorerx@upenn.edu,Polygender,90532 Northview Drive,雍
Clemens,Buncombe,2.3.0237,cbuncombey@pinterest.com,Non-binary,0 Darwin Center,山
Akim,McCuthais,25.1.1281,amccuthaisz@about.me,Non-binary,,班
Gilemette,Embury,5.5.1619,gembury10@mayoclinic.com,Non-binary,56580 Dakota Crossing,刁
Max,Coard,1.4.1151,mcoard11@usnews.com,Male,,赖
Hi,Montes,24.4.1273,hmontes12@cmu.edu,Genderfluid,3556 Mallard Point,周
Natala,Raysdale,10.8.1921,nraysdale13@sphinn.com,Non-binary,200 Bunker Hill Parkway,那
Garvey,Threadkell,1.4.0124,gthreadkell14@ask.com,Female,,彭
Micheal,Collerd,9.8.1100,mcollerd15@icq.com,Male,00 Reinke Lane,衡
Rosalinda,Ames,16.10.0832,rames16@indiatimes.com,Genderqueer,,茅
,McGooch,10.8.1333,tmcgooch17@dell.com,Female,00878 Talmadge Way,荣
Cindie,Vinas,17.6.1269,cvinas18@yellowpages.com,Male,2 Welch Circle,却
Latrina,McDermid,31.12.0995,lmcdermid19@columbia.edu,Agender,,空
Dredi,Strain,4.1.1418,dstrain1a@wix.com,Female,,山
Sebastiano,Tretter,15.6.1131,stretter1b@e-recht24.de,Male,3978 Pierstorff Parkway,昝
,Lochead,5.5.1350,rlochead1c@cbslocal.com,Bigender,35626 Bashford Junction,白
,Reck,24.1.1985,hreck1d@newyorker.com,Bigender,13765 Bowman Junction,广
Pier,Pim,13.2.0420,ppim1e@symantec.com,Polygender,0344 Londonderry Park,庄
Marley,Wallbrook,,mwallbrook1f@gmpg.org,Non-binary,,庾
Gabbie,Meldon,7.3.1086,gmeldon1g@fastcompany.com,Male,5 Longview Court,怀
Carolann,Wardrop,,cwardrop1h@squidoo.com,Agender,93 Montana Circle,蒯
Porter,Crank,9.10.1456,pcrank1i@stumbleupon.com,Male,,甄
Penni,Carleton,16.1.1664,pcarleton1j@redcross.org,Female,01375 Anniversary Point,臧
,Severwright,1.12.0250,kseverwright1k@ft.com,Polygender,4516 Sunfield Avenue,查
Theresita,Summerton,,tsummerton1l@harvard.edu,Genderfluid,01429 Lukken Hill,暨
,Beckley,15.1.0454,gbeckley1m@wp.com,Polygender,86944 Sunbrook Center,卜
Mara,Horley,3.3.1457,mhorley1n@discuz.net,Non-binary,0872 Pierstorff Lane,蒙
Morly,Jarry,22.3.1618,mjarry1o@upenn.edu,Non-binary,,费
Lanita,Priestman,25.3.1404,lpriestman1p@g.co,Bigender,,梅
Skye,Blankau,17.11.1057,sblankau1q@photobucket.com,Genderfluid,,彭
,Coolican,24.9.0274,kcoolican1r@clickbank.net,Agender,46551 Reinke Park,方
,Commin,17.4.0323,jcommin1s@fotki.com,Non-binary,0344 Thackeray Road,樊
Shelton,Peet,22.9.0401,speet1t@whitehouse.gov,Polygender,760 Dexter Drive,向
Carlina,Pecey,1.11.0472,cpecey1u@amazon.co.uk,Genderfluid,,钮
Merell,Longmate,3.1.0814,mlongmate1v@si.edu,Polygender,,苍
Fonz,Elphick,16.9.1829,felphick1w@narod.ru,Agender,,都
Kalvin,Madders,5.3.1648,kmadders1x@instagram.com,Male,,浦
Gibb,Crawshay,,gcrawshay1y@163.com,Non-binary,,仲
Rita,Rockhall,,rrockhall1z@apache.org,Genderfluid,048 Meadow Vale Circle,赵
Deerdre,Housbey,6.2.0972,dhousbey20@craigslist.org,Genderfluid,84426 Northridge Drive,郝
Marijn,Whimper,7.6.0869,mwhimper21@about.com,Genderfluid,,栾
Maribelle,McGraw,22.11.0665,mmcgraw22@imageshack.us,Non-binary,,温
Debbi,Mathouse,24.4.0442,dmathouse23@acquirethisname.com,Non-binary,26 Knutson Road,邱
Mike,Codi,31.3.0056,mcodi24@weather.com,Agender,7 Canary Junction,常
,Giorgini,12.4.0972,mgiorgini25@goo.ne.jp,Male,,昝
Clareta,Nimmo,6.9.2019,cnimmo26@aol.com,Bigender,,窦
Willy,Emtage,15.5.0173,wemtage27@wired.com,Male,65404 Florence Court,僪
,Fortesquieu,29.10.0684,mfortesquieu28@tripod.com,Genderqueer,564 Johnson Way,全
,Brandenberg,,mbrandenberg29@deviantart.com,Male,622 Buhler Place,齐
Nikolai,Stinchcombe,26.10.1356,nstinchcombe2a@google.es,Male,97 Hansons Road,焦
Ruthe,Waterstone,1.7.0155,rwaterstone2b@uol.com.br,Genderqueer,8 Mandrake Road,左
,Oddy,22.3.0484,roddy2c@abc.net.au,Male,971 Ruskin Place,路
Brig,Room,10.11.1336,broom2d@xinhuanet.com,Female,93 Fremont Center,路
Porty,Fillis,23.8.1484,pfillis2e@wix.com,Bigender,6872 Blaine Junction,苍
Melessa,Cutress,,mcutress2f@nih.gov,Female,267 Blackbird Lane,终
Antin,Timperley,22.8.0579,atimperley2g@list-manage.com,Female,3406 Mosinee Crossing,后
Gil,Beel,,gbeel2h@canalblog.com,Male,08822 Mitchell Circle,路
Tamarra,Falla,25.5.0681,tfalla2i@xinhuanet.com,Polygender,,都
Barry,Matthias,17.10.1196,bmatthias2j@cam.ac.uk,Non-binary,891 Sutteridge Terrace,高
Agatha,Rudolph,11.9.0583,arudolph2k@berkeley.edu,Agender,91 Grasskamp Drive,桂
Benedikta,Mochan,16.9.1541,bmochan2l@yolasite.com,Female,,荀
Quint,Imesson,18.5.1630,qimesson2m@apple.com,Bigender,177 Thompson Trail,党
Leonardo,Rippon,,lrippon2n@illinois.edu,Bigender,,宓
Henriette,Kirkebye,24.4.0136,hkirkebye2o@issuu.com,Non-binary,,浦
Yank,Juppe,20.10.1323,yjuppe2p@examiner.com,Female,2779 Grover Alley,秦
Honor,Michelin,,hmichelin2q@youtube.com,Genderfluid,098 Sunfield Point,蒋
Tailor,Coxall,,tcoxall2r@parallels.com,Non-binary,,高
,MacFadin,21.12.0713,lmacfadin2s@issuu.com,Female,,湛
Florence,Halford,17.2.1626,fhalford2t@netscape.com,Male,,姚
Hymie,Fay,4.6.0824,hfay2u@flickr.com,Non-binary,35 Prairieview Road,尤
Drusie,Cannam,17.1.0473,dcannam2v@devhub.com,Genderqueer,,白
Tamiko,Sackes,4.1.0453,tsackes2w@unblog.fr,Female,62798 Morrow Plaza,廉
Noble,Littell,15.11.0370,nlittell2x@dyndns.org,Male,,匡
Cecil,Rumford,,crumford2y@w3.org,Agender,,赖
Stephanie,O'Murtagh,28.10.1761,somurtagh2z@rambler.ru,Agender,,羿
Twila,Senescall,,tsenescall30@cbc.ca,Bigender,8 Northwestern Junction,鲍
Raina,Lavington,,rlavington31@fc2.com,Agender,,阎
,Galler,29.1.0929,dgaller32@behance.net,Genderfluid,244 Clyde Gallagher Terrace,严
Nataline,Scragg,,nscragg33@dagondesign.com,Bigender,3111 Hanson Point,苏
Bianka,La Rosa,1.11.1985,blarosa34@vinaora.com,Genderqueer,80 Morning Street,冯
Bond,Brownill,22.11.1331,bbrownill35@cyberchimps.com,Male,,鱼
Clevey,Hayley,24.1.1161,chayley36@cornell.edu,Non-binary,,宋
Natty,Saphir,2.2.0367,nsaphir37@ebay.com,Polygender,87130 Weeping Birch Point,沈
Geordie,MacGaughie,13.1.0122,gmacgaughie38@liveinternet.ru,Polygender,,褚
Antonino,Bodell,,abodell39@home.pl,Genderfluid,70641 Shopko Circle,蓝
Arie,Dalgliesh,19.12.1513,adalgliesh3a@deliciousdays.com,Bigender,9 Parkside Lane,洪
Ines,Vincent,11.7.1108,ivincent3b@hud.gov,Polygender,7 Surrey Center,瞿
Afton,Redmain,,aredmain3c@hc360.com,Female,,房
Heinrik,Bowdidge,14.5.1343,hbowdidge3d@china.com.cn,Bigender,1334 Debra Crossing,李
Mary,Jeffes,30.7.1376,mjeffes3e@e-recht24.de,Polygender,,养
Alfie,Gier,4.5.1784,agier3f@latimes.com,Bigender,,谭
,Verey,21.9.0547,jverey3g@imgur.com,Genderqueer,162 Pleasure Center,逄
,Slaight,20.1.0034,aslaight3h@sciencedirect.com,Agender,49094 Manufacturers Lane,靳
,Izsak,22.6.1843,nizsak3i@kickstarter.com,Female,,伍
Guss,Lax,1.9.0547,glax3j@g.co,Bigender,7 Maple Wood Circle,訾
Sauncho,Kobu,14.12.0227,skobu3k@webmd.com,Male,12 Grayhawk Road,谭
Dani,Meron,20.1.1008,dmeron3l@vk.com,Genderfluid,,宁
Base,Dingsdale,11.5.0009,bdingsdale3m@g.co,Genderfluid,,骆
Lenard,Crookall,21.2.0562,lcrookall3n@about.com,Female,,雷
Rhea,Ambrosch,14.6.0787,rambrosch3o@oaic.gov.au,Genderqueer,,李
Cori,Orrum,14.11.1701,corrum3p@si.edu,Genderqueer,,印
Salome,Roubay,27.11.1271,sroubay3q@army.mil,Female,652 Waubesa Court,程
Emmit,Allon,9.4.1485,eallon3r@hubpages.com,Polygender,,邱
Forbes,Baulcombe,2.6.0912,fbaulcombe3s@aboutads.info,Male,,凌
Shelden,Helling,21.9.1200,shelling3t@vkontakte.ru,Polygender,49800 Spohn Trail,家
Tate,Riggert,,triggert3u@microsoft.com,Agender,38979 Heath Trail,权
Netta,Summerson,,nsummerson3v@intel.com,Genderfluid,14556 Nevada Point,僪
Ange,Scrinage,,ascrinage3w@patch.com,Polygender,,赖
Darcee,Lampert,22.7.0450,dlampert3x@harvard.edu,Female,38067 Everett Crossing,莫
,Collocott,21.8.0063,ccollocott3y@blogtalkradio.com,Genderfluid,77635 Gale Circle,扶
Ham,Prozillo,27.4.0412,hprozillo3z@unesco.org,Male,712 Fairview Lane,勾
Brandie,Mallock,16.11.1343,bmallock40@free.fr,Female,,裴
Hugh,Lydden,22.11.0566,hlydden41@pcworld.com,Agender,8773 Delladonna Plaza,闻
Gladys,Aisbett,,gaisbett42@sphinn.com,Bigender,0 Riverside Plaza,甘
,Fulun,3.4.1429,wfulun43@boston.com,Non-binary,0839 Dexter Court,皮
Phelia,Haug,1.10.1667,phaug44@discovery.com,Bigender,,危
Van,Casperri,9.10.1731,vcasperri45@altervista.org,Genderfluid,,和
Xymenes,Petrillo,15.1.0709,xpetrillo46@pen.io,Female,72784 Eastwood Lane,钭
Devan,Mennell,3.5.1443,dmennell47@globo.com,Genderfluid,842 Crescent Oaks Circle,慎
,Cubbinelli,27.11.1060,dcubbinelli48@cloudflare.com,Agender,,沙
Philis,Thornton-Dewhirst,14.1.1376,pthorntondewhirst49@java.com,Bigender,5 Maple Wood Way,殳
Lynnell,Roseburgh,3.7.1588,lroseburgh4a@google.com,Non-binary,89 Twin Pines Terrace,冷
,Waldron,29.11.0533,dwaldron4b@google.com.hk,Male,50056 Elmside Junction,嵇
Darice,Scrimshaw,4.12.0072,dscrimshaw4c@ameblo.jp,Polygender,0112 Waywood Park,班
,Girk,26.8.0076,ngirk4d@mapquest.com,Agender,,仰
Kay,Shillabeare,12.4.1989,kshillabeare4e@arstechnica.com,Bigender,,鄂
Juliane,Twiddy,19.2.0653,jtwiddy4f@baidu.com,Agender,93543 Rockefeller Road,鲁
,Lamartine,17.1.0746,blamartine4g@godaddy.com,Male,9 Ronald Regan Park,韩
Pierette,Wife,29.1.0669,pwife4h@usnews.com,Male,16130 Declaration Center,勾
Cariotta,Wasling,21.2.0927,cwasling4i@techcrunch.com,Agender,12040 Sunfield Park,钮
Giusto,Banck,22.4.1312,gbanck4j@about.com,Polygender,,扈
Liane,Owenson,22.4.1900,lowenson4k@apple.com,Polygender,,郝
Park,Nixon,16.12.1273,pnixon4l@cam.ac.uk,Genderfluid,,刘
Janenna,Croot,,jcroot4m@blogspot.com,Bigender,,贲
Janette,Suttie,19.2.0204,jsuttie4n@photobucket.com,Genderqueer,,冷
,Edmonson,17.8.1590,uedmonson4o@webs.com,Genderfluid,96 Melby Park,景
Dick,Baitman,17.3.0962,dbaitman4p@arstechnica.com,Agender,0 1st Park,寇
Terrill,Mattys,2.6.1410,tmattys4q@bigcartel.com,Bigender,,晏
Lane,Collins,15.6.0437,lcollins4r@nasa.gov,Genderfluid,188 Prentice Plaza,隗
,Sugden,20.8.0405,csugden4s@timesonline.co.uk,Agender,230 Talmadge Way,班
Jennilee,Tadd,10.9.0665,jtadd4t@flickr.com,Non-binary,,厍
,Springell,19.10.0357,hspringell4u@mapquest.com,Genderqueer,4488 Hoepker Drive,仇
Jillie,Gravie,3.5.0707,jgravie4v@ucsd.edu,Genderfluid,14 Shoshone Center,师
Ilene,Folca,,ifolca4w@slate.com,Bigender,,尤
Giff,Goodyer,14.8.1907,ggoodyer4x@reddit.com,Polygender,,邓
Arley,Bartosch,27.5.0840,abartosch4y@state.tx.us,Non-binary,56 Randy Hill,敖
Ellyn,Morecomb,17.3.1258,emorecomb4z@cdc.gov,Polygender,27 Granby Court,褚
Ardisj,Dodle,26.8.0498,adodle50@indiegogo.com,Bigender,0902 Spaight Park,奚
Kelley,McKea,,kmckea51@yandex.ru,Bigender,,双
Margeaux,Agge,4.9.1198,magge52@cbsnews.com,Polygender,5 Mayer Point,印
Ambrosio,Frankcomb,24.11.0042,afrankcomb53@wired.com,Non-binary,05 Sherman Way,贝
Jade,Pinson,26.5.1164,jpinson54@netscape.com,Male,5 Westridge Pass,杭
,Kirsz,,jkirsz55@addtoany.com,Polygender,,危
Phineas,Sirl,8.9.0472,psirl56@unicef.org,Non-binary,,仲
Kimmi,Newcombe,11.4.0039,knewcombe57@foxnews.com,Female,05521 Carioca Road,芮
Melisenda,Lapthorn,6.10.0901,mlapthorn58@symantec.com,Non-binary,3 Vahlen Terrace,翁
Chas,Jarville,14.2.1643,cjarville59@t.co,Agender,338 Ridgeway Alley,水
Tyrus,Phinn,23.7.0518,tphinn5a@topsy.com,Agender,,花
Jared,Hatzar,26.1.0535,jhatzar5b@mtv.com,Agender,,顾
Judon,Stace,17.1.1848,jstace5c@github.io,Bigender,,蓬
Mord,Sibylla,28.11.0899,msibylla5d@amazon.co.jp,Genderqueer,83324 Melody Road,舒
Eleanora,Lambswood,,elambswood5e@nytimes.com,Female,8604 Northland Point,宋
Louis,Mattityahou,30.7.1132,lmattityahou5f@wordpress.org,Male,,康
Dougie,Sartain,12.7.1362,dsartain5g@yolasite.com,Polygender,80 Grim Crossing,徐
Nettle,Hellis,8.5.0504,nhellis5h@google.nl,Bigender,2412 American Ash Point,家
Barbara,Grievson,13.6.0144,bgrievson5i@technorati.com,Agender,,朱
Pip,Adhams,5.5.1675,padhams5j@usnews.com,Genderqueer,,乐
Trent,Auty,2.3.1912,tauty5k@comcast.net,Genderfluid,,夏
,Plail,18.10.1569,nplail5l@techcrunch.com,Non-binary,,申
Laina,Clibbery,28.5.0210,lclibbery5m@indiegogo.com,Polygender,462 Brentwood Court,蒯
Malinde,Mixter,,mmixter5n@salon.com,Female,,慕
Charisse,Ambrogini,5.4.1407,cambrogini5o@nbcnews.com,Male,9148 Laurel Drive,敖
Ula,MacCulloch,,umacculloch5p@economist.com,Genderfluid,3905 Maple Wood Junction,陆
,Grayling,4.9.0223,sgrayling5q@google.co.jp,Bigender,11449 Heath Road,花
Cam,Elsmore,18.7.0007,celsmore5r@xing.com,Bigender,,游
Trudey,Coram,15.11.0359,tcoram5s@drupal.org,Genderfluid,01 Fieldstone Lane,蒙
Hogan,Grinin,24.3.1525,hgrinin5t@ebay.com,Genderqueer,02465 Main Center,班
Anabal,Manners,31.12.1870,amanners5u@ucsd.edu,Bigender,605 Quincy Center,魏
Ailyn,Cobley,26.10.1334,acobley5v@harvard.edu,Male,,从
Joseito,Hackford,5.12.0614,jhackford5w@weather.com,Female,78630 Brown Way,暴
Dorian,Dumigan,7.12.1634,ddumigan5x@nba.com,Non-binary,8 Melvin Trail,劳
Nealon,Bellefonte,,nbellefonte5y@sfgate.com,Polygender,,羿
Tarrance,Hillin,27.12.0708,thillin5z@github.io,Agender,,禄
Maisey,Barhims,21.10.0864,mbarhims60@accuweather.com,Non-binary,5 Warrior Park,茹
Aldridge,Dell'Abbate,,adellabbate61@google.com.br,Polygender,9926 Hooker Lane,戚
Marie-ann,Loudiane,18.7.1649,mloudiane62@microsoft.com,Female,,巩
Cicely,Ayling,,cayling63@opera.com,Genderfluid,,隆
Rolland,Jessope,,rjessope64@meetup.com,Polygender,,赖
Cybil,Beardwood,6.1.0217,cbeardwood65@amazon.co.uk,Bigender,0338 Morningstar Junction,解
Elia,O'Lyhane,9.10.1450,eolyhane66@t.co,Non-binary,57733 Grayhawk Center,充
,Orrah,2.6.0644,aorrah67@salon.com,Agender,03 Kedzie Plaza,戈
Maud,Tathacott,23.8.1255,mtathacott68@blogger.com,Genderqueer,,苗
Haily,Bagby,25.12.1332,hbagby69@sciencedirect.com,Bigender,87689 Knutson Street,关
Bonnibelle,Padden,1.4.1214,bpadden6a@chicagotribune.com,Genderqueer,674 Donald Pass,匡
Sybyl,Butterworth,29.9.0491,sbutterworth6b@macromedia.com,Male,02840 Packers Plaza,茅
Judd,Key,29.7.0002,jkey6c@google.ru,Genderqueer,,双
Murray,Hynard,,mhynard6d@sun.com,Polygender,74 Melrose Hill,陆
Corbet,Bool,7.5.0828,cbool6e@sina.com.cn,Non-binary,4 Boyd Terrace,辛
Darline,Cole,,dcole6f@alexa.com,Genderqueer,,卢
,Pudding,13.8.1545,lpudding6g@businessweek.com,Bigender,,栾
Burton,Watchorn,25.7.0596,bwatchorn6h@timesonline.co.uk,Genderfluid,,国
Chester,Probetts,29.4.1594,cprobetts6i@imdb.com,Male,,路
,Hammond,31.7.0019,bhammond6j@slashdot.org,Genderqueer,7 Kropf Crossing,滕
,Tabard,21.4.1173,dtabard6k@dagondesign.com,Male,948 Summerview Court,松
Eada,Noar,16.2.0368,enoar6l@sbwire.com,Non-binary,1046 Mesta Alley,成
,Sighart,24.12.1315,ssighart6m@youtu.be,Female,9211 Hovde Parkway,王
,Rogans,12.9.0629,srogans6n@businessweek.com,Genderqueer,28 Mesta Alley,闻
,Wedlake,28.4.1008,mwedlake6o@blogger.com,Polygender,9 Harbort Way,穆
Loleta,Ghion,,lghion6p@dmoz.org,Non-binary,,都
Rita,Guillon,17.3.0344,rguillon6q@springer.com,Female,,汪
Cordell,Grewes,19.9.1362,cgrewes6r@cbc.ca,Genderqueer,26875 Norway Maple Hill,公
Hazel,Eglinton,11.12.1269,heglinton6s@linkedin.com,Polygender,95 Vermont Crossing,濮
,Hember,29.4.1137,mhember6t@deviantart.com,Polygender,,焦
Elnar,Greenrod,14.11.1435,egreenrod6u@usa.gov,Non-binary,,公
Charleen,Millyard,23.11.1392,cmillyard6v@lulu.com,Agender,75 High Crossing Alley,巫
Ulrike,Pauls,29.9.0138,upauls6w@psu.edu,Male,,沈
Gene,Kruschov,14.8.1517,gkruschov6x@hubpages.com,Polygender,,胡
Torr,Pezey,,tpezey6y@theglobeandmail.com,Genderfluid,7574 Scofield Way,苏
Evangelia,Netti,3.2.0761,enetti6z@addtoany.com,Agender,,戈
Constantino,Hallowes,18.3.1193,challowes70@tmall.com,Genderfluid,47220 Blackbird Circle,龙
Lainey,Egar,3.6.0644,legar71@bbc.co.uk,Bigender,0 Sloan Terrace,汪
Cathie,Strathearn,27.5.1059,cstrathearn72@twitter.com,Polygender,04579 Farmco Court,强
Lin,Bodleigh,,lbodleigh73@reuters.com,Polygender,,蓟
,Workes,24.6.0505,dworkes74@yellowbook.com,Polygender,81632 South Parkway,司
Niven,Dowbiggin,27.10.0086,ndowbiggin75@facebook.com,Male,58521 Southridge Drive,何
Kirbee,Smallthwaite,14.9.1789,ksmallthwaite76@ebay.co.uk,Agender,8 Hauk Avenue,康
Jessey,Smy,7.4.0664,jsmy77@nsw.gov.au,Agender,65 Acker Trail,万
Lonny,Paolozzi,13.12.1768,lpaolozzi78@salon.com,Genderqueer,,温
Eddi,Fawke,27.1.0334,efawke79@mozilla.com,Agender,71286 Hintze Center,谢
Gay,Brocking,17.2.1563,gbrocking7a@yolasite.com,Genderqueer,707 Ilene Place,龙
,Bradwell,21.6.1034,sbradwell7b@abc.net.au,Male,79 Everett Place,胡
Burnard,Rawling,19.7.0265,brawling7c@cafepress.com,Genderfluid,3921 Commercial Way,益
Ellsworth,Acton,,eacton7d@harvard.edu,Genderfluid,9 Mesta Terrace,黎
Angel,Bernadzki,22.7.2006,abernadzki7e@vimeo.com,Genderfluid,,胡
Tucky,Bonnar,13.8.1547,tbonnar7f@dailymotion.com,Genderqueer,,饶
Noe,Grigorkin,13.12.0129,ngrigorkin7g@wikipedia.org,Genderfluid,32194 Artisan Court,栾
Phillip,Wellings,13.7.0488,pwellings7h@nifty.com,Polygender,480 Ridgeview Terrace,纪
Milissent,Burriss,13.4.0691,mburriss7i@shop-pro.jp,Genderqueer,11134 Darwin Terrace,薛
Hermie,Rignall,19.1.1229,hrignall7j@wufoo.com,Agender,7 Londonderry Place,殳
Rebecka,McColm,29.1.0822,rmccolm7k@techcrunch.com,Genderqueer,75484 Fuller Trail,霍
Heddi,Lawful,,hlawful7l@about.com,Agender,73481 Pleasure Hill,空
Rosabelle,Dickins,11.5.1782,rdickins7m@creativecommons.org,Non-binary,,任
Izak,Skilling,4.9.1349,iskilling7n@hao123.com,Bigender,97 Meadow Vale Place,曹
Arielle,O'Kennavain,19.5.0561,aokennavain7o@paypal.com,Bigender,82458 Dorton Plaza,苏
,Chelsom,31.7.1945,kchelsom7p@sogou.com,Female,34 Miller Junction,龚
Jess,Wanklin,,jwanklin7q@uiuc.edu,Female,,扈
Weber,Maestro,27.5.1502,wmaestro7r@ycombinator.com,Genderqueer,,时
Eada,Fowlestone,20.6.0272,efowlestone7s@google.fr,Genderfluid,,暨
Moyna,Drinkhill,10.12.1846,mdrinkhill7t@smh.com.au,Agender,,景
Keefer,Ramlot,28.3.0678,kramlot7u@sina.com.cn,Polygender,06410 Canary Alley,毋
Matthew,Fairlamb,11.5.0960,mfairlamb7v@1und1.de,Non-binary,,羿
Ailbert,Klimochkin,,aklimochkin7w@google.ru,Female,92 Pierstorff Court,唐
Odessa,Greguol,23.3.1834,ogreguol7x@engadget.com,Female,,索
Solomon,Dever,15.8.0260,sdever7y@bluehost.com,Genderqueer,7 Haas Drive,罗
Krystal,Zarfati,22.5.1722,kzarfati7z@indiegogo.com,Male,12 Summer Ridge Alley,历
Rafa,Maltby,23.4.0718,rmaltby80@nymag.com,Male,40 Lighthouse Bay Street,严
Killian,Polotti,10.8.0918,kpolotti81@etsy.com,Bigender,519 Stoughton Alley,霍
Pietrek,Harbord,24.12.1449,pharbord82@globo.com,Genderfluid,,康
Goldarina,Shovlar,12.12.0133,gshovlar83@umich.edu,Non-binary,,滑
Rosalynd,Tebbitt,3.6.1022,rtebbitt84@barnesandnoble.com,Bigender,1616 Dunning Center,巢
,Videler,8.1.1005,mvideler85@shareasale.com,Non-binary,52965 Linden Plaza,武
,Kelloch,,pkelloch86@goo.gl,Female,,施
Chevalier,Pomfret,,cpomfret87@symantec.com,Non-binary,,陶
Judon,Belham,,jbelham88@typepad.com,Agender,12 Blackbird Lane,郝
Damara,Sleany,9.3.0571,dsleany89@privacy.gov.au,Genderfluid,,侯
,Orange,15.9.1893,morange8a@feedburner.com,Genderfluid,,蓝
,Verrills,1.6.1448,cverrills8b@seesaa.net,Bigender,,易
Ossie,Terne,,oterne8c@toplist.cz,Bigender,,劳
Wayland,Caffery,12.1.0663,wcaffery8d@rakuten.co.jp,Agender,78 Park Meadow Court,汪
Peggie,Godspede,2.7.0908,pgodspede8e@miitbeian.gov.cn,Genderfluid,1 Harbort Junction,茅
Aggy,Sallows,8.1.1479,asallows8f@ehow.com,Non-binary,5 Banding Terrace,燕
Rakel,Kenewel,27.10.0392,rkenewel8g@topsy.com,Male,,贝
Bonita,Laskey,23.8.0542,blaskey8h@deliciousdays.com,Bigender,0612 2nd Street,闻
Sherill,MacGall,4.3.1747,smacgall8i@npr.org,Non-binary,45713 Melrose Hill,凌
Matty,Dabnot,24.4.1661,mdabnot8j@microsoft.com,Genderfluid,,莫
Shep,Villaron,5.3.1975,svillaron8k@arizona.edu,Polygender,17 Esker Place,麻
Henrie,Manifield,25.3.1719,hmanifield8l@yellowbook.com,Agender,5380 Kennedy Avenue,晏
Dione,Allitt,24.12.0541,dallitt8m@nbcnews.com,Non-binary,7 Brickson Park Parkway,邴
Timoteo,Sired,7.10.0016,tsired8n@wufoo.com,Male,1 Transport Hill,糜
Megan,Keat,16.1.1712,mkeat8o@ca.gov,Genderqueer,24826 Shoshone Alley,蒯
Norma,Hutcheons,29.1.0059,nhutcheons8p@google.pl,Male,972 Hoffman Center,和
,Millan,,lmillan8q@comsenz.com,Female,143 Cottonwood Place,益
Madge,Zimek,,mzimek8r@scientificamerican.com,Genderqueer,65217 Eggendart Junction,穆
Cyrillus,Postan,24.3.1306,cpostan8s@ustream.tv,Agender,8 Hanover Plaza,盛
Sanson,Swalough,,sswalough8t@shinystat.com,Bigender,,龙
Miranda,Errey,27.2.0123,merrey8u@yahoo.co.jp,Genderfluid,76 Transport Trail,段
Odella,Bothams,,obothams8v@bandcamp.com,Female,8003 Oriole Way,苏
Gallard,Rowlatt,18.5.1407,growlatt8w@reuters.com,Female,183 Anniversary Circle,艾
Valentia,Howels,26.8.1619,vhowels8x@economist.com,Bigender,95 Sunfield Trail,常
Carri,Christophe,27.5.1206,cchristophe8y@foxnews.com,Genderfluid,6 Caliangt Crossing,杭
,Kidner,21.4.1375,zkidner8z@mlb.com,Polygender,,黎
Ronni,McQuirk,1.10.0859,rmcquirk90@nydailynews.com,Genderfluid,0228 Melvin Point,逮
Kirby,Giraudel,28.4.0210,kgiraudel91@ask.com,Genderfluid,461 Hallows Alley,僪
Idelle,Wedderburn,11.5.1686,iwedderburn92@eepurl.com,Male,163 Gina Trail,昌
,Nelthorpe,2.1.0180,cnelthorpe93@marriott.com,Genderqueer,99508 Paget Pass,师
Salvatore,Letherbury,3.10.0902,sletherbury94@chicagotribune.com,Polygender,846 Hazelcrest Circle,胥
Aaron,Dollard,12.2.0275,adollard95@salon.com,Female,039 Burning Wood Circle,张
,Handman,23.1.0209,khandman96@ow.ly,Bigender,4 Dwight Point,周
Dimitry,Ghelerdini,2.8.0185,dghelerdini97@cocolog-nifty.com,Genderfluid,,臧
Akim,Barrett,30.6.1787,abarrett98@posterous.com,Non-binary,0 Bashford Road,纪
Robyn,Quartermain,8.9.0192,rquartermain99@sitemeter.com,Female,0853 Carberry Point,吉
Flora,Tosney,,ftosney9a@aboutads.info,Female,,窦
,Jerzak,,ejerzak9b@livejournal.com,Bigender,,艾
Nesta,Crowdson,4.4.0995,ncrowdson9c@xinhuanet.com,Bigender,,储
Edmon,Cowpland,21.3.0290,ecowpland9d@dropbox.com,Polygender,,池
Belva,Collinson,14.5.0851,bcollinson9e@spotify.com,Non-binary,7618 Packers Drive,束
Ardra,McAviy,23.9.1537,amcaviy9f@ycombinator.com,Non-binary,6478 Moose Circle,锺
Franny,Murkitt,,fmurkitt9g@mediafire.com,Bigender,,易
Junette,Dimic,29.4.0039,jdimic9h@hud.gov,Male,7552 Center Street,莫
,Adamoli,1.6.0889,eadamoli9i@github.com,Bigender,46 Linden Terrace,储
Mickey,Renfrew,26.5.0143,mrenfrew9j@cargocollective.com,Non-binary,45 Katie Pass,康
Steven,Treleaven,20.2.1548,streleaven9k@list-manage.com,Polygender,662 Vera Drive,戈
Maddie,McGillicuddy,12.7.0463,mmcgillicuddy9l@apple.com,Genderqueer,2 Golf Street,陶
Arther,Jirsa,15.2.0985,ajirsa9m@mapquest.com,Male,,屈
Keri,Caveney,24.5.1814,kcaveney9n@xing.com,Polygender,52 Linden Avenue,鲁
Marchelle,Eddisford,31.7.1560,meddisford9o@chicagotribune.com,Agender,25050 Pepper Wood Alley,慎
Falkner,Brenston,20.5.0227,fbrenston9p@quantcast.com,Male,217 Victoria Way,龚
Trudey,Ghirardi,,tghirardi9q@geocities.jp,Male,,敖
Sharla,Runsey,10.7.1347,srunsey9r@bluehost.com,Female,73 Rockefeller Street,元
,Tooze,,ltooze9s@google.cn,Bigender,870 Vernon Terrace,东
Maury,Liddell,14.8.1597,mliddell9t@github.io,Agender,,符
,Clynter,24.4.0494,iclynter9u@cpanel.net,Genderqueer,87528 Derek Pass,益
Bambi,Rochford,,brochford9v@answers.com,Polygender,,邵
Marco,Childerhouse,,mchilderhouse9w@dedecms.com,Female,,井
Kennie,Lewisham,4.10.0939,klewisham9x@purevolume.com,Male,62 Old Shore Junction,姚
,Osbidston,,eosbidston9y@latimes.com,Non-binary,0328 Vernon Park,俞
Lalo,Gringley,30.11.0851,lgringley9z@ning.com,Agender,33400 Oneill Lane,毛
Donal,Heinke,6.2.0054,dheinkea0@furl.net,Genderqueer,5674 Orin Circle,华
Shannon,Barnaclough,,sbarnaclougha1@goo.gl,Polygender,65 Anzinger Crossing,焦
Adah,Penwell,30.9.0406,apenwella2@about.com,Bigender,70 Northridge Place,乐
Noam,Girdlestone,19.5.0612,ngirdlestonea3@archive.org,Agender,3170 Del Mar Point,房
Merwin,Drayton,11.4.0758,mdraytona4@wikia.com,Male,8 Grayhawk Court,竺
,Durtnal,11.8.1869,tdurtnala5@123-reg.co.uk,Polygender,,那
Carney,Born,18.9.0017,cborna6@ycombinator.com,Polygender,,宗
Bernette,Learman,28.5.0888,blearmana7@yellowpages.com,Agender,99 Sunnyside Place,简
Arlina,Wiltsher,22.5.0674,awiltshera8@wordpress.com,Agender,9460 Fulton Hill,封
Lia,Giacobazzi,14.2.0158,lgiacobazzia9@ibm.com,Bigender,1366 Prentice Avenue,仲
,Aers,2.10.1454,vaersaa@homestead.com,Genderqueer,77 Lighthouse Bay Court,庾
,Hardaway,16.6.0560,rhardawayab@flavors.me,Non-binary,,舒
Lesli,Le Barre,,llebarreac@tinyurl.com,Agender,6893 Summit Center,虞
Blake,Curnokk,4.1.1819,bcurnokkad@acquirethisname.com,Genderqueer,,关
Jerald,Udey,,judeyae@sun.com,Polygender,,越
Elita,Du Fray,21.12.1029,edufrayaf@php.net,Female,,李
Farris,Poschel,,fposchelag@arstechnica.com,Genderfluid,3843 Karstens Court,董
Morgen,Blacklidge,,mblacklidgeah@list-manage.com,Agender,,吉
Bernardo,Boud,5.8.0223,bboudai@t-online.de,Polygender,,饶
Alisun,Raynard,20.10.1170,araynardaj@shutterfly.com,Male,,杜
,Reitenbach,21.4.1984,hreitenbachak@wikispaces.com,Genderqueer,249 American Ash Plaza,辛
,Hould,,nhouldal@weibo.com,Polygender,0 Mosinee Parkway,单
Lorette,Antham,18.1.1948,lanthamam@live.com,Non-binary,335 Esch Place,齐
,Bonhan,22.9.0632,cbonhanan@icq.com,Male,20 Jenna Place,蒲
Marcella,Bontine,26.4.1569,mbontineao@fastcompany.com,Non-binary,,霍
Noellyn,Greenroa,1.2.0933,ngreenroaap@posterous.com,Bigender,,史
Ula,Elwin,28.9.0412,uelwinaq@shareasale.com,Non-binary,5998 Elgar Street,弘
Venus,Dinwoodie,15.11.1824,vdinwoodiear@java.com,Genderqueer,39795 Center Avenue,支
Bail,Jakobssen,,bjakobssenas@vimeo.com,Female,72 Armistice Street,卢
Jarrod,Duxbarry,30.9.0853,jduxbarryat@cornell.edu,Polygender,817 American Drive,咸
Farra,MacCaffrey,11.11.0551,fmaccaffreyau@flickr.com,Female,92 Little Fleur Terrace,魏
Sylvia,Sandes,7.9.0980,ssandesav@yahoo.co.jp,Genderfluid,30395 Summerview Point,柳
Winifield,Shilstone,20.4.1316,wshilstoneaw@technorati.com,Non-binary,257 Bonner Road,万
,Stidson,15.5.1321,wstidsonax@posterous.com,Agender,,何
Brade,Dodwell,30.8.1609,bdodwellay@bbc.co.uk,Genderfluid,579 Summerview Crossing,吴
Brew,Stairmand,4.8.0931,bstairmandaz@liveinternet.ru,Polygender,98 Nobel Drive,顾
Agnella,Jurzyk,23.9.1303,ajurzykb0@theglobeandmail.com,Genderqueer,4 Thackeray Place,毛
Torrence,Horstead,,thorsteadb1@sciencedirect.com,Female,035 Duke Way,郝
Odo,Kilian,15.4.1893,okilianb2@homestead.com,Polygender,06306 Ohio Terrace,许
Osbert,Reinhardt,23.6.0432,oreinhardtb3@wikia.com,Polygender,8 Everett Parkway,樊
Susanetta,Tidswell,29.4.0156,stidswellb4@joomla.org,Polygender,,虞
Dierdre,Axworthy,5.3.1803,daxworthyb5@opera.com,Agender,,穆
Rutter,Fawks,27.3.0421,rfawksb6@squarespace.com,Agender,4021 Dapin Parkway,索
Allan,Daoust,13.7.1381,adaoustb7@blogspot.com,Genderfluid,9532 Bowman Way,僪
Nye,Searles,25.9.1781,nsearlesb8@google.cn,Male,17 Pine View Road,缪
Robbie,Fuggle,,rfuggleb9@github.io,Bigender,9 Vahlen Park,索
Thalia,Gilfether,10.10.0568,tgilfetherba@fotki.com,Polygender,,时
Ogdon,Croyden,12.9.1497,ocroydenbb@deviantart.com,Female,,宣
Zora,Jaspar,,zjasparbc@alexa.com,Genderqueer,403 Parkside Court,宓
Imelda,Feaster,3.7.1997,ifeasterbd@fc2.com,Non-binary,540 Caliangt Trail,牧
Dosi,Flaunders,19.2.0377,dflaundersbe@economist.com,Agender,68 Rutledge Park,阙
Calypso,Pedrick,26.9.0561,cpedrickbf@webnode.com,Non-binary,271 Warbler Hill,伏
Adorne,Hickisson,3.3.0970,ahickissonbg@dailymotion.com,Bigender,556 Hollow Ridge Point,甄
Tye,Bridson,30.9.0395,tbridsonbh@lulu.com,Agender,,梅
Walther,Linnell,15.5.1753,wlinnellbi@foxnews.com,Male,,束
Dacey,Ventom,17.7.0497,dventombj@umich.edu,Agender,3 Carioca Hill,养
Corinna,Medcraft,15.7.0536,cmedcraftbk@nih.gov,Female,,岑
Tiler,Elmhurst,1.4.0914,telmhurstbl@nps.gov,Genderqueer,4 Autumn Leaf Parkway,赖
,Davidson,29.4.1081,ddavidsonbm@auda.org.au,Non-binary,984 Fisk Drive,闻
,Abbett,16.8.1427,babbettbn@seesaa.net,Male,78161 Pankratz Place,张
Duke,Blonfield,29.6.0119,dblonfieldbo@vistaprint.com,Genderfluid,,樊
Rosita,Baird,13.9.1464,rbairdbp@businesswire.com,Genderfluid,5 Independence Parkway,邴
Sterling,Vezey,,svezeybq@sourceforge.net,Genderfluid,,濮
Sylvester,MacQueen,,smacqueenbr@hexun.com,Genderfluid,,毕
Marten,Bemand,21.7.1757,mbemandbs@netvibes.com,Agender,212 Hooker Avenue,赖
Jeremie,Damerell,14.1.1734,jdamerellbt@who.int,Non-binary,,古
Vivi,Kiggel,2.3.0804,vkiggelbu@springer.com,Female,34621 Delladonna Trail,余
,Poultney,21.7.0275,lpoultneybv@upenn.edu,Genderfluid,921 Havey Trail,贲
Marline,Kuhnwald,22.5.1121,mkuhnwaldbw@elpais.com,Non-binary,,贾
Alli,Shakesbye,,ashakesbyebx@statcounter.com,Agender,70347 Macpherson Street,尹
Conroy,Ivanshintsev,22.10.1568,civanshintsevby@eepurl.com,Genderqueer,,蒲
Alexi,Jennings,23.6.0070,ajenningsbz@weibo.com,Genderfluid,,仰
Ranice,Vivien,,rvivienc0@slideshare.net,Genderfluid,,甘
Celeste,Wethers,27.2.0064,cwethersc1@pinterest.com,Male,5 Pawling Drive,堵
Darcee,Trussell,,dtrussellc2@ning.com,Genderqueer,95 Brentwood Drive,历
Carrol,Kardos,29.7.0552,ckardosc3@hexun.com,Non-binary,,雷
,Chasteau,4.7.1476,echasteauc4@feedburner.com,Non-binary,,尤
Katheryn,Bernaldez,,kbernaldezc5@gizmodo.com,Non-binary,42715 Tennyson Crossing,尹
Claude,Evert,,cevertc6@si.edu,Bigender,,阚
Der,Scarborough,5.10.0016,dscarboroughc7@webmd.com,Genderfluid,1436 Kedzie Street,诸
Vite,McGonnell,9.3.1583,vmcgonnellc8@dailymotion.com,Genderqueer,12822 Vernon Avenue,鲍
Wallie,Tolchar,8.12.0872,wtolcharc9@ucoz.ru,Polygender,7 Kenwood Crossing,伏
Celia,Mowsdale,22.10.0884,cmowsdaleca@geocities.jp,Genderqueer,,裘
Faythe,Zywicki,28.10.1134,fzywickicb@goo.gl,Genderfluid,,韦
Germana,Stourton,27.5.0643,gstourtoncc@gizmodo.com,Bigender,,郑
Kerrie,Shapcott,,kshapcottcd@psu.edu,Non-binary,,璩
,Faulder,,lfaulderce@vistaprint.com,Bigender,35 Almo Pass,芮
Kerwinn,Abrahamsson,15.7.0502,kabrahamssoncf@weebly.com,Genderqueer,138 Declaration Circle,都
Laetitia,Diche,4.9.0615,ldichecg@cmu.edu,Genderqueer,51662 Browning Court,厍
Jerome,Barcke,8.3.1056,jbarckech@amazon.co.jp,Genderqueer,,程
Sorcha,Schonfeld,2.5.1801,sschonfeldci@amazon.com,Agender,9 Hovde Point,逄
Marty,Blind,7.8.1798,mblindcj@i2i.jp,Bigender,,简
Gerrie,Teenan,29.7.1994,gteenanck@tinyurl.com,Genderqueer,5744 Mifflin Center,卞
Julieta,Fernehough,2.1.1360,jfernehoughcl@bloglovin.com,Non-binary,48577 Weeping Birch Center,关
Wallace,Gillise,4.12.1102,wgillisecm@cdbaby.com,Genderfluid,,全
Bondie,Carlill,22.2.0177,bcarlillcn@reverbnation.com,Male,2 Haas Plaza,阎
Grayce,Wellan,,gwellanco@chicagotribune.com,Female,,范
Loraine,Mintram,1.6.0799,lmintramcp@geocities.com,Genderfluid,,东
Guglielmo,Kaszper,24.6.1717,gkaszpercq@usatoday.com,Male,817 Almo Terrace,束
Perice,Biggerdike,,pbiggerdikecr@elpais.com,Genderfluid,,锺
Nikos,Barrasse,12.4.0088,nbarrassecs@mozilla.org,Genderqueer,6909 Bayside Hill,车
Arliene,Churly,9.6.1758,achurlyct@gov.uk,Genderqueer,9722 Linden Drive,竺
Gwyn,Ohms,11.7.1083,gohmscu@zdnet.com,Agender,86814 Armistice Point,段
Shawn,Klaes,30.8.1599,sklaescv@privacy.gov.au,Non-binary,81954 Waubesa Circle,皮
,Bane,21.3.0626,tbanecw@nasa.gov,Agender,04 Comanche Terrace,庄
Regan,Fery,1.10.0124,rferycx@vistaprint.com,Non-binary,2186 Towne Pass,封
Adelbert,Spatari,22.11.1503,aspataricy@cpanel.net,Female,,屈
,Barber,7.10.0451,mbarbercz@mayoclinic.com,Male,,薛
Goldina,O'Malley,,gomalleyd0@cdbaby.com,Polygender,9 Dapin Trail,诸
Izak,Benit,28.1.0810,ibenitd1@gmpg.org,Agender,,贡
Jarib,Terne,21.3.0538,jterned2@howstuffworks.com,Female,,晁
Reinhard,Sebert,26.7.1104,rsebertd3@privacy.gov.au,Non-binary,04 Erie Park,董
Freda,Castrillo,8.9.1137,fcastrillod4@dyndns.org,Genderfluid,,谭
Anna-maria,Maxwaile,28.5.1068,amaxwailed5@multiply.com,Male,,伊
Hayley,Couling,22.9.1020,hcoulingd6@google.es,Bigender,1630 Vernon Park,毛
Eldon,Bortolomei,31.3.1742,ebortolomeid7@posterous.com,Polygender,47157 Village Green Pass,凌
,Mantrup,19.1.0064,rmantrupd8@parallels.com,Genderfluid,12586 Bultman Lane,龙
Angelico,Fardy,6.3.0216,afardyd9@icq.com,Non-binary,,姬
,Stithe,26.1.1440,kstitheda@boston.com,Bigender,03 Erie Terrace,桑
Theresita,Pyper,5.10.0230,tpyperdb@boston.com,Bigender,5 Sutteridge Circle,向
Aurelea,Aizlewood,13.5.2005,aaizlewooddc@wikia.com,Agender,1882 Oneill Crossing,卢
Orelie,Copplestone,17.12.0128,ocopplestonedd@amazonaws.com,Female,,蒋
,Gyorffy,8.1.0115,fgyorffyde@microsoft.com,Male,2 Graedel Circle,胥
Mahala,Barwack,11.9.1238,mbarwackdf@dailymotion.com,Genderfluid,4968 Luster Drive,甘
Pall,Priddle,3.11.0671,ppriddledg@ovh.net,Female,730 Mcguire Park,雍
,Madrell,22.2.1941,lmadrelldh@spiegel.de,Female,,易
Catarina,Antuk,18.8.0384,cantukdi@youtu.be,Non-binary,0602 Artisan Way,霍
Vonni,Getch,22.7.0886,vgetchdj@wikia.com,Genderqueer,,扈
Darbee,Blaxill,,dblaxilldk@huffingtonpost.com,Male,2677 Londonderry Avenue,饶
Krissy,Grouer,,kgrouerdl@comsenz.com,Female,1 Pond Pass,荆
Florie,Nutbean,11.6.1489,fnutbeandm@seattletimes.com,Male,52773 Mccormick Alley,黎
Wallie,Sidworth,9.7.1504,wsidworthdn@facebook.com,Male,,满
Gilli,Fortesquieu,,gfortesquieudo@over-blog.com,Polygender,2 Marcy Terrace,弓
Melony,Aleksankin,5.2.0725,maleksankindp@arizona.edu,Non-binary,795 Bartillon Park,弓
Nicholle,Ullyott,13.5.1417,nullyottdq@w3.org,Non-binary,,赵
,Bromell,6.4.0346,jbromelldr@buzzfeed.com,Genderfluid,9158 Nevada Crossing,羊
Alejandro,Foddy,22.2.0705,afoddyds@google.com.au,Genderfluid,87945 Northwestern Point,慎
,Callis,20.5.1957,jcallisdt@google.de,Polygender,123 Sage Hill,满
Alexandre,Peaddie,1.7.1129,apeaddiedu@dropbox.com,Agender,,沙
Lennard,Sambedge,11.8.1988,lsambedgedv@patch.com,Female,,家
Billy,Hancock,2.10.1912,bhancockdw@cpanel.net,Genderqueer,3 Southridge Place,弘
Berte,Yendle,,byendledx@histats.com,Female,5598 Caliangt Place,郦
Sacha,Hutchason,15.4.1862,shutchasondy@thetimes.co.uk,Polygender,,缪
Jeniffer,Hellings,16.10.1949,jhellingsdz@so-net.ne.jp,Bigender,52655 Holy Cross Point,乜
Lexi,Rodinger,,lrodingere0@twitpic.com,Polygender,,阮
,Gaspard,,mgasparde1@oracle.com,Male,9 Meadow Vale Road,鱼
Gardiner,Wyndham,5.11.0410,gwyndhame2@umn.edu,Bigender,43 Anzinger Hill,农
Dayna,Capstaff,23.6.1524,dcapstaffe3@virginia.edu,Genderqueer,5715 Carioca Alley,阮
Kellsie,Woakes,16.11.1785,kwoakese4@usda.gov,Genderfluid,29 6th Avenue,阎
,Vasovic,7.10.0653,lvasovice5@dedecms.com,Female,00032 Goodland Pass,宫
Jervis,Kornacki,,jkornackie6@huffingtonpost.com,Non-binary,4992 Schlimgen Terrace,樊
Stanislas,Hanton,26.1.1160,shantone7@mediafire.com,Agender,29 Mandrake Center,戎
Ahmed,Dance,23.12.0501,adancee8@webmd.com,Agender,47113 Farwell Lane,毕
Sena,Southerill,11.11.1387,ssoutherille9@example.com,Agender,6 Brentwood Way,张
Farleigh,Deyenhardt,4.2.1708,fdeyenhardtea@ihg.com,Bigender,77069 Bowman Center,贡
,Morriss,14.4.1225,kmorrisseb@blogtalkradio.com,Bigender,87502 Beilfuss Street,桂
Worden,Langworthy,26.2.0820,wlangworthyec@narod.ru,Male,05 Kropf Road,巩
,Ledley,9.12.0421,hledleyed@nsw.gov.au,Polygender,,盍
Frederich,Chesnut,23.2.1302,fchesnutee@flickr.com,Male,5897 Sugar Park,姬
Anderson,Oliver,15.6.0570,aoliveref@blogs.com,Genderqueer,8594 East Plaza,牧
Bradly,Cashmore,,bcashmoreeg@squidoo.com,Agender,,程
,Fehner,19.7.0454,tfehnereh@123-reg.co.uk,Genderfluid,,刁
Evvie,Gocke,24.3.1889,egockeei@feedburner.com,Agender,802 Forest Dale Court,郑
Leoine,Le Count,7.5.0752,llecountej@harvard.edu,Male,,凤
Travis,Duffil,,tduffilek@mapy.cz,Male,,谷
,Voller,5.4.1488,ovollerel@apache.org,Agender,,颜
Becka,Chidler,6.5.0315,bchidlerem@sogou.com,Agender,3 Jenna Lane,古
,Blench,16.8.1037,eblenchen@shop-pro.jp,Genderqueer,4 Grim Avenue,戴
Wilona,Antognelli,5.7.1402,wantognellieo@samsung.com,Non-binary,,易
Marley,Fewell,4.9.0195,mfewellep@ucoz.ru,Genderqueer,8660 Express Terrace,梁
Monte,Garnar,1.9.0627,mgarnareq@amazon.co.uk,Polygender,,游
Marlowe,Alfonsetti,,malfonsettier@va.gov,Genderqueer,0650 American Ash Junction,龙
Sophia,Prandini,13.10.0846,sprandinies@canalblog.com,Non-binary,,桑
Thorsten,Castell,19.4.0278,tcastellet@comcast.net,Non-binary,,郗
Rosie,Orrobin,6.11.0105,rorrobineu@engadget.com,Female,637 Emmet Place,关
Marcelo,Mathias,,mmathiasev@illinois.edu,Genderfluid,79210 Pierstorff Way,许
Dar,Berkley,5.11.1308,dberkleyew@163.com,Genderfluid,99704 Holy Cross Center,空
Inigo,Castangia,22.3.0810,icastangiaex@aboutads.info,Genderqueer,64 Arizona Pass,暴
Charlot,Spellissy,14.8.0207,cspellissyey@rakuten.co.jp,Genderqueer,9974 Westport Point,龙
Shawnee,Curr,28.9.1870,scurrez@nps.gov,Genderqueer,,钱
Rochelle,Lafayette,23.10.0105,rlafayettef0@sfgate.com,Agender,,吕
Stephannie,Waleworke,26.5.1733,swaleworkef1@google.co.uk,Non-binary,,卢
,Gowler,30.6.0506,igowlerf2@bravesites.com,Genderqueer,5 Grayhawk Place,双
Lisetta,Shenfish,11.8.0405,lshenfishf3@dropbox.com,Non-binary,,刘
Mozelle,Dutteridge,30.7.1323,mdutteridgef4@seesaa.net,Polygender,,扶
,Andreolli,20.6.1327,aandreollif5@usnews.com,Male,3 Bunting Plaza,能
Essy,Tome,29.4.0964,etomef6@reddit.com,Agender,98536 Longview Street,溥
Kip,Scholey,17.6.1933,kscholeyf7@sciencedaily.com,Female,46377 Butterfield Place,糜
Mariel,Donavan,18.8.1482,mdonavanf8@gmpg.org,Polygender,,訾
Nefen,Ekless,1.1.1001,neklessf9@google.nl,Non-binary,766 Linden Avenue,须
Ashleigh,Varty,17.5.1527,avartyfa@51.la,Bigender,,松
Dannie,Fonte,13.7.0780,dfontefb@rediff.com,Genderqueer,00888 Sage Park,阎
Nero,Izzett,,nizzettfc@slate.com,Bigender,,甘
Lurline,Paprotny,,lpaprotnyfd@weebly.com,Male,,冯
Dasha,Suggey,17.10.1403,dsuggeyfe@desdev.cn,Male,,邓
Ellie,Beare,28.8.1939,ebeareff@washingtonpost.com,Agender,00520 Acker Hill,隗
Yuri,Cogan,21.5.0231,ycoganfg@wufoo.com,Agender,34754 Corben Parkway,任
Emmy,Whiteside,1.8.0796,ewhitesidefh@macromedia.com,Genderqueer,2097 Helena Alley,夔
,Boshell,1.5.1891,bboshellfi@hexun.com,Agender,100 Morningstar Drive,历
Shannon,Oades,21.2.1821,soadesfj@xinhuanet.com,Agender,,谈
,Sandercock,14.3.0423,dsandercockfk@e-recht24.de,Genderfluid,30 Hudson Drive,朱
,Linnock,31.8.1975,rlinnockfl@vimeo.com,Male,7078 Knutson Center,康
,Sweating,15.5.1775,asweatingfm@infoseek.co.jp,Bigender,142 Straubel Drive,穆
,Corzon,25.8.0694,jcorzonfn@liveinternet.ru,Male,27 Memorial Drive,裴
Skyler,Del Dello,21.7.0101,sdeldellofo@gizmodo.com,Genderfluid,,万
Sonnnie,Liddington,11.1.0961,sliddingtonfp@umn.edu,Male,815 Montana Center,从
,Stable,17.6.1675,vstablefq@bbb.org,Bigender,36231 Truax Hill,姬
Mitzi,Bonevant,30.1.0294,mbonevantfr@wsj.com,Agender,644 Welch Crossing,裴
Sherman,Standall,30.9.0139,sstandallfs@mozilla.com,Polygender,3 Debra Place,关
Dacy,Kruszelnicki,13.2.0841,dkruszelnickift@flavors.me,Agender,5 Southridge Trail,方
Orlando,Watkiss,17.2.0480,owatkissfu@woothemes.com,Non-binary,73 Eagle Crest Place,邴
Tracie,Tompkinson,29.8.0203,ttompkinsonfv@bloglines.com,Female,073 Moland Terrace,郗
Freda,Marlow,21.8.0330,fmarlowfw@biglobe.ne.jp,Polygender,309 Forest Dale Way,庾
Cherry,Lennard,20.1.1107,clennardfx@cpanel.net,Non-binary,917 Mcbride Street,荀
Bamby,Gheorghe,28.12.1017,bgheorghefy@craigslist.org,Non-binary,,索
Milicent,Bolf,14.8.0381,mbolffz@sphinn.com,Polygender,,冀
Dita,Walsh,19.11.1747,dwalshg0@nih.gov,Male,307 Chive Lane,柳
Say,Mackerel,4.5.1099,smackerelg1@joomla.org,Non-binary,9 Ludington Center,经
Germaine,Bothram,23.11.1260,gbothramg2@springer.com,Bigender,,闻
Simonette,Scoular,1.10.0753,sscoularg3@ed.gov,Non-binary,,刁
Abelard,Auden,3.11.1168,aaudeng4@businesswire.com,Female,,简
Kurtis,Buttler,22.6.0027,kbuttlerg5@unc.edu,Female,83318 Merry Court,郁
Jarid,Dunbavin,14.4.0254,jdunbaving6@google.nl,Male,1 Fairfield Terrace,靳
Farleigh,Avramov,10.11.1120,favramovg7@hibu.com,Genderqueer,,孔
Mollie,Bernard,,mbernardg8@cisco.com,Female,58069 Nevada Parkway,暴
,Hemphall,17.3.1889,nhemphallg9@cocolog-nifty.com,Bigender,8 New Castle Way,巢
Brigitte,Brodnecke,27.7.1482,bbrodneckega@nps.gov,Male,7962 Brickson Park Court,双
Lodovico,Peal,,lpealgb@sourceforge.net,Genderfluid,2 Myrtle Lane,翟
,Botcherby,28.10.0084,sbotcherbygc@elpais.com,Non-binary,,苍
Tanitansy,Patullo,22.4.0592,tpatullogd@fema.gov,Male,9458 Grasskamp Circle,于
Sofie,Capell,28.2.0941,scapellge@friendfeed.com,Polygender,777 Westend Terrace,鱼
Correna,Martyn,9.10.0132,cmartyngf@wordpress.org,Polygender,21811 Anhalt Trail,向
Berte,Barbrick,,bbarbrickgg@hubpages.com,Polygender,8782 Walton Lane,毛
Fredi,Clayworth,29.4.1716,fclayworthgh@cpanel.net,Male,,穆
Elton,Reasun,5.9.0877,ereasungi@google.fr,Bigender,4 Northview Terrace,米
Gawain,Bonwell,19.12.2011,gbonwellgj@webmd.com,Non-binary,48480 Nancy Pass,贝
Alonso,Verillo,,averillogk@seattletimes.com,Bigender,,俞
Kimball,Mesias,,kmesiasgl@time.com,Genderqueer,03 Anhalt Plaza,贝
Antonia,De Mitri,30.7.1256,ademitrigm@washingtonpost.com,Male,72 Oneill Avenue,訾
Cyndie,Melley,,cmelleygn@huffingtonpost.com,Non-binary,,郗
Duncan,Benini,25.8.1147,dbeninigo@t.co,Genderqueer,49072 Kensington Parkway,毋
Emalee,Rous,5.10.1776,erousgp@addthis.com,Genderqueer,89370 Logan Way,羿
Janenna,Garvie,5.5.0928,jgarviegq@addthis.com,Bigender,1328 Bartillon Pass,荆
,Cridlin,29.4.1120,scridlingr@unesco.org,Polygender,6 Ronald Regan Alley,逮
,Sedgefield,6.8.0762,msedgefieldgs@home.pl,Female,,符
Amory,Crevy,,acrevygt@webeden.co.uk,Female,,宫
Zelma,Dudley,28.11.0869,zdudleygu@wsj.com,Bigender,,章
Ashien,Bretherick,28.10.1486,abretherickgv@tinyurl.com,Non-binary,1444 Florence Pass,纪
Delcina,Keveren,17.10.1121,dkeverengw@meetup.com,Male,79132 Kedzie Parkway,马
Tamera,Skentelbery,7.5.0575,tskentelberygx@unblog.fr,Genderfluid,,阳
Dorie,Goodship,17.4.0935,dgoodshipgy@domainmarket.com,Non-binary,,从
,Garretson,7.8.1939,egarretsongz@columbia.edu,Genderqueer,,姬
Colette,Chamney,2.6.0006,cchamneyh0@storify.com,Female,,常
,Adlington,,gadlingtonh1@cmu.edu,Male,560 Oak Valley Point,茹
Dulciana,Roos,14.3.1493,droosh2@hexun.com,Female,5 Merrick Terrace,扶
Dalli,Duffil,3.8.0915,dduffilh3@dedecms.com,Agender,6 Graceland Plaza,成
Sancho,Reinbech,26.5.0359,sreinbechh4@hexun.com,Genderfluid,049 Miller Point,干
Lydie,Rosling,25.2.0664,lroslingh5@nbcnews.com,Bigender,46 Heffernan Drive,巫
,Tristram,4.4.0744,gtristramh6@salon.com,Female,22002 Buell Terrace,慎
Bartlet,Jeavons,24.5.0261,bjeavonsh7@bbb.org,Female,,养
,Floyd,,efloydh8@de.vu,Non-binary,,弘
Shay,Prangle,16.3.1795,sprangleh9@google.es,Non-binary,77 New Castle Junction,乜
Theo,Addinall,13.4.1963,taddinallha@hugedomains.com,Polygender,,翁
Lauritz,Matzaitis,30.1.0723,lmatzaitishb@columbia.edu,Agender,,童
Joseito,Killingworth,6.10.0645,jkillingworthhc@ed.gov,Polygender,42 Grasskamp Trail,萧
Perry,Marvelley,,pmarvelleyhd@java.com,Genderfluid,284 Maple Wood Plaza,柯
,Scrine,29.9.0494,cscrinehe@unesco.org,Agender,7840 Pierstorff Hill,翟
Gavin,Skedgell,,gskedgellhf@parallels.com,Genderfluid,917 Utah Street,尤
Zuzana,Clemente,19.7.1886,zclementehg@ihg.com,Genderqueer,746 Portage Alley,古
Wyndham,Jeanon,,wjeanonhh@goo.gl,Bigender,265 Victoria Junction,刘
Mel,Seary,21.2.1568,msearyhi@elegantthemes.com,Bigender,,沃
Gretchen,Batchley,31.1.1411,gbatchleyhj@yolasite.com,Genderfluid,,牧
Carolynn,Bredbury,3.2.1081,cbredburyhk@loc.gov,Polygender,52 Browning Circle,姚
Garvin,Storck,25.3.0694,gstorckhl@examiner.com,Polygender,,庾
Farlee,Vanyashkin,20.9.1910,fvanyashkinhm@woothemes.com,Bigender,033 Prairie Rose Hill,鲁
Janina,Smoote,17.3.1210,jsmootehn@hc360.com,Male,,虞
Glennie,Cunah,26.12.1426,gcunahho@cnbc.com,Genderqueer,,廖
Diannne,Merry,30.12.0788,dmerryhp@cocolog-nifty.com,Genderfluid,038 Clove Place,卜
Silvan,Kays,26.9.0427,skayshq@skyrock.com,Male,99 Miller Road,国
Bern,Michele,1.2.1198,bmichelehr@army.mil,Male,,逮
Cherey,Vicent,4.7.0045,cvicenths@ucoz.ru,Genderfluid,340 Farragut Terrace,蓬
Selena,Veque,2.1.1814,svequeht@ucsd.edu,Non-binary,,利
Elisha,Gregs,7.7.0184,egregshu@sfgate.com,Bigender,93 Vermont Court,蒙
Verla,Cannaway,2.10.1088,vcannawayhv@walmart.com,Genderqueer,,荀
Jena,Sayton,5.3.0055,jsaytonhw@intel.com,Female,5510 Milwaukee Alley,童
Karl,Volkers,12.1.1805,kvolkershx@berkeley.edu,Male,,施
Casper,Peet,29.6.0960,cpeethy@reuters.com,Genderfluid,,袁
Elinore,Margrem,19.2.1243,emargremhz@ucoz.com,Male,,甄
,Weth,22.2.1322,awethi0@va.gov,Non-binary,511 Pleasure Avenue,印
Perle,Gascoigne,5.6.0695,pgascoignei1@nasa.gov,Polygender,07245 Dunning Court,龚
,Verheijden,24.10.1029,cverheijdeni2@guardian.co.uk,Genderfluid,,庞
Dulcy,MacGaughey,18.12.1583,dmacgaugheyi3@ning.com,Genderfluid,64189 Oakridge Parkway,鞠
Lyon,Syred,14.12.0333,lsyredi4@virginia.edu,Genderqueer,,暴
Anastasia,Josefs,2.3.0317,ajosefsi5@domainmarket.com,Male,510 Cascade Crossing,庄
,Collison,23.8.1211,dcollisoni6@engadget.com,Polygender,285 Holmberg Road,娄
Doti,Dales,28.9.1039,ddalesi7@blog.com,Polygender,99 Aberg Pass,酆
Norah,Pinkard,3.8.0900,npinkardi8@google.it,Genderqueer,98170 Colorado Terrace,卜
Nikolaos,Gianetti,3.12.1289,ngianettii9@salon.com,Male,9254 Anhalt Center,夔
Parrnell,Chudleigh,10.6.0758,pchudleighia@printfriendly.com,Male,660 Jay Junction,岑
Elvis,Wastie,8.1.0855,ewastieib@lycos.com,Agender,8795 Sunbrook Avenue,历
Camille,Ossulton,10.6.0962,cossultonic@smh.com.au,Agender,45 Grover Pass,幸
Jobey,Limprecht,10.9.1254,jlimprechtid@ft.com,Genderfluid,54 Victoria Junction,谷
Lynda,Pond,24.7.0738,lpondie@imageshack.us,Genderfluid,947 Trailsway Center,却
Dominick,Skingle,29.3.1520,dskingleif@multiply.com,Bigender,,张
Margaretha,Tooth,,mtoothig@yellowpages.com,Non-binary,,毋
Megen,Hryniewicz,3.7.1744,mhryniewiczih@shop-pro.jp,Agender,1 Luster Terrace,连
Bruce,Livock,,blivockii@dropbox.com,Genderqueer,42738 Warrior Pass,荀
Joete,De La Coste,6.7.1481,jdelacosteij@cbsnews.com,Non-binary,8 Londonderry Place,璩
Berne,Thoresbie,8.11.0948,bthoresbieik@bluehost.com,Male,5 6th Point,习
Julieta,Iiannoni,14.6.1569,jiiannoniil@blogger.com,Bigender,,贾
Drake,Phear,16.12.0344,dphearim@nationalgeographic.com,Non-binary,36 Reindahl Street,充
La verne,MacParland,16.12.1914,lmacparlandin@plala.or.jp,Male,,姚
,Matejovsky,31.1.1773,dmatejovskyio@creativecommons.org,Genderfluid,3 Ryan Hill,路
Felicdad,Chavrin,21.5.0067,fchavrinip@friendfeed.com,Non-binary,836 Hazelcrest Trail,惠
Cybill,Romaint,,cromaintiq@cafepress.com,Genderfluid,979 Mccormick Alley,叶
Burgess,Levington,4.12.1368,blevingtonir@tamu.edu,Female,216 Pennsylvania Road,胡
,Seville,1.11.0341,rsevilleis@a8.net,Bigender,1 Burrows Park,充
Sven,Friskey,30.5.1967,sfriskeyit@wiley.com,Bigender,,能
Quill,Obington,25.2.1724,qobingtoniu@chicagotribune.com,Non-binary,,刁
Margarethe,Perett,31.10.1868,mperettiv@latimes.com,Bigender,9 Debra Terrace,厍
Lorena,Mallabund,20.1.0064,lmallabundiw@wired.com,Female,09 Eastwood Park,钮
,Hollerin,,ahollerinix@google.co.jp,Bigender,40 Erie Way,伍
,Medgewick,16.7.0919,amedgewickiy@nature.com,Genderqueer,393 School Point,戴
Ilyssa,Rysom,5.4.0264,irysomiz@imgur.com,Male,6367 Macpherson Park,水
Augy,Seago,,aseagoj0@dyndns.org,Genderfluid,,荆
,Warry,5.6.1720,kwarryj1@admin.ch,Genderqueer,50403 Ridgeview Road,邢
Carey,O'Kieran,7.2.0697,cokieranj2@4shared.com,Bigender,90970 Reinke Park,衡
Sondra,Antony,15.7.1113,santonyj3@toplist.cz,Genderfluid,9 Brentwood Crossing,匡
Chad,Fearneley,4.3.1792,cfearneleyj4@rambler.ru,Non-binary,7 Parkside Court,滕
Barnie,Quinsee,28.10.0232,bquinseej5@google.it,Genderfluid,06 Corry Place,应
,Copyn,27.3.0668,mcopynj6@illinois.edu,Genderfluid,0388 Ronald Regan Way,寿
,Andreotti,29.8.0186,bandreottij7@google.pl,Polygender,66634 Karstens Road,郝
Cad,Rickman,17.3.1138,crickmanj8@economist.com,Female,72 Shoshone Park,宋
Anatola,Ezzle,,aezzlej9@weather.com,Bigender,,沈
Fred,Gadie,3.5.0051,fgadieja@slate.com,Agender,17 Valley Edge Lane,山
Rafferty,Chastney,,rchastneyjb@discuz.net,Genderqueer,8 East Point,蒯
Audrie,O'Sculley,,aosculleyjc@umn.edu,Bigender,,盛
,McNeachtain,29.1.1922,emcneachtainjd@mayoclinic.com,Bigender,34505 Magdeline Drive,容
Herold,Merryweather,28.9.2006,hmerryweatherje@163.com,Female,,胥
Yorker,Press,12.1.1210,ypressjf@php.net,Female,,崔
Clemens,Baterip,1.10.0447,cbateripjg@technorati.com,Non-binary,27 Erie Avenue,万
Gabriela,Androlli,15.12.1005,gandrollijh@go.com,Genderqueer,74 Talisman Avenue,邱
Gaspard,McNiff,24.8.1062,gmcniffji@tmall.com,Bigender,22 Declaration Drive,却
Loutitia,Dudmarsh,24.8.0532,ldudmarshjj@purevolume.com,Genderfluid,39830 Jana Lane,茅
Neely,Organer,,norganerjk@dagondesign.com,Male,14 2nd Way,符
Lauren,Sabathier,1.12.0980,lsabathierjl@psu.edu,Genderqueer,,俞
Anderson,Inglesfield,7.1.1663,ainglesfieldjm@ustream.tv,Male,28522 Eastlawn Center,谈
Shannah,Philipson,,sphilipsonjn@symantec.com,Female,5942 Barby Point,薛
Hogan,Petkov,14.1.0004,hpetkovjo@altervista.org,Bigender,,终
Denni,Crummy,20.11.1213,dcrummyjp@g.co,Bigender,,晁
Revkah,Alessandrucci,,ralessandruccijq@ted.com,Bigender,9 Kennedy Center,慕
Leonore,Braden,18.6.1508,lbradenjr@plala.or.jp,Bigender,749 American Junction,梁
,Mongenot,7.4.1445,jmongenotjs@nsw.gov.au,Female,,钱
Kennie,Piele,18.11.1614,kpielejt@google.fr,Agender,55785 Merrick Circle,姬
Cathrine,Calf,20.1.0166,ccalfju@mayoclinic.com,Polygender,3 Oriole Street,盍
Isac,Nelle,22.6.0277,inellejv@ted.com,Polygender,485 Oakridge Trail,计
Dexter,Morrott,7.4.0904,dmorrottjw@ed.gov,Polygender,1 Twin Pines Court,濮
Conn,Crut,9.9.1452,ccrutjx@godaddy.com,Male,255 Annamark Place,殷
Orlando,Sandlin,26.6.1464,osandlinjy@usa.gov,Genderqueer,,祖
Jackelyn,Auty,,jautyjz@php.net,Non-binary,,弓
Arney,Moreinu,,amoreinuk0@illinois.edu,Female,32386 Brentwood Court,洪
Estele,Petruk,25.6.1460,epetrukk1@eventbrite.com,Agender,,饶
,Garrard,21.8.0373,bgarrardk2@bbc.co.uk,Genderqueer,,阎
Chandra,Tomich,,ctomichk3@independent.co.uk,Polygender,28684 Marquette Crossing,溥
Yurik,Basilio,5.6.0812,ybasiliok4@alibaba.com,Polygender,,凌
Jody,Bruckmann,9.8.0357,jbruckmannk5@forbes.com,Genderqueer,178 Saint Paul Hill,郝
Darice,Lloyds,13.7.0272,dlloydsk6@myspace.com,Genderfluid,2 Lunder Road,俞
Mayne,Keunemann,22.8.1717,mkeunemannk7@nytimes.com,Genderqueer,018 Larry Road,韦
Ellen,Lucchi,19.1.0618,elucchik8@flickr.com,Non-binary,50 Boyd Road,龚
Lou,Presswell,,lpresswellk9@eventbrite.com,Female,,秦
Brandtr,Bankes,29.8.1608,bbankeska@behance.net,Male,,符
Emlyn,Fonte,24.2.1066,efontekb@list-manage.com,Genderfluid,,孙
Bealle,Vinten,12.6.1625,bvintenkc@forbes.com,Genderfluid,,蓟
Inna,Holston,13.1.0323,iholstonkd@cdbaby.com,Genderqueer,7 Iowa Circle,权
Olivia,Searles,20.10.0272,osearleske@canalblog.com,Agender,,凤
Deina,Addey,25.12.0881,daddeykf@amazonaws.com,Agender,,魏
,Proudman,6.11.0998,hproudmankg@wsj.com,Non-binary,66682 Loeprich Pass,须
Curran,Eacott,5.4.1242,ceacottkh@utexas.edu,Non-binary,,白
Kathi,Dubery,30.11.0075,kduberyki@army.mil,Agender,,吉
Batsheva,Danielsky,,bdanielskykj@unblog.fr,Female,,伍
,Dufoure,22.12.0890,ldufourekk@intel.com,Genderqueer,2 Morningstar Avenue,曾
Frannie,Eldon,11.1.1474,feldonkl@newyorker.com,Polygender,,车
Garth,Benns,4.6.1262,gbennskm@stumbleupon.com,Genderqueer,9778 Artisan Road,利
Agnella,Janas,18.7.0703,ajanaskn@wsj.com,Genderqueer,,陆
Noble,Wedgwood,16.11.0877,nwedgwoodko@sciencedaily.com,Polygender,86796 Cody Court,党
Thaxter,Aizkovitch,,taizkovitchkp@domainmarket.com,Genderfluid,4911 Hovde Circle,农
Pavla,McFeate,7.2.1761,pmcfeatekq@hibu.com,Polygender,,许
Taffy,Jaquemar,30.8.1111,tjaquemarkr@goodreads.com,Agender,8 Crest Line Road,邬
Jeromy,Fulk,22.5.1423,jfulkks@eventbrite.com,Genderqueer,0458 Bartelt Park,酆
,Dunhill,13.5.1484,edunhillkt@networkadvertising.org,Polygender,,雷
Letty,Withers,17.1.1491,lwithersku@arstechnica.com,Agender,,管
Field,Sebborn,,fsebbornkv@github.com,Male,,诸
,Salatino,21.2.0064,lsalatinokw@businessweek.com,Non-binary,2001 Eastwood Court,黎
Andrei,Goodale,2.3.0083,agoodalekx@va.gov,Female,31237 Montana Alley,霍
Matthieu,Dicke,,mdickeky@oakley.com,Genderfluid,3807 Schmedeman Alley,凤
Max,Bovingdon,6.3.1214,mbovingdonkz@mlb.com,Male,35 Melvin Alley,沈
Trudy,Durbin,9.7.1876,tdurbinl0@deviantart.com,Polygender,,相
Ardith,Eassom,,aeassoml1@ask.com,Polygender,,慕
Shermy,Scaplehorn,30.12.1282,sscaplehornl2@illinois.edu,Polygender,8945 Upham Circle,水
Roda,Merriment,9.4.0769,rmerrimentl3@wp.com,Bigender,624 Moulton Terrace,黎
Kaspar,Suermeiers,28.10.0186,ksuermeiersl4@over-blog.com,Bigender,,安
Schuyler,Yeabsley,21.7.0536,syeabsleyl5@flickr.com,Polygender,5123 Larry Avenue,侯
,Gallop,11.7.0476,rgallopl6@jiathis.com,Bigender,,党
Garth,Povall,,gpovalll7@statcounter.com,Bigender,89210 High Crossing Center,鲁
Findley,Nesfield,30.3.0699,fnesfieldl8@cbslocal.com,Bigender,,支
Brear,Boulsher,1.4.1063,bboulsherl9@ebay.com,Female,61 Redwing Park,张
Sarene,Willshire,30.9.1707,swillshirela@usnews.com,Bigender,435 Almo Point,都
Bourke,Valenti,26.5.0145,bvalentilb@ebay.co.uk,Male,6143 Magdeline Drive,岑
Dimitri,Ortiga,25.5.0673,dortigalc@fema.gov,Genderfluid,68 Magdeline Place,缪
Tod,Rudham,18.2.1142,trudhamld@noaa.gov,Genderqueer,088 Tony Way,单
,Strettell,5.11.0341,lstrettellle@guardian.co.uk,Non-binary,,毛
Cristian,Addionisio,31.5.0767,caddionisiolf@wunderground.com,Bigender,,张
Royce,Sheircliffe,15.11.1752,rsheircliffelg@qq.com,Male,,祁
Charlie,Marshallsay,21.9.1546,cmarshallsaylh@trellian.com,Polygender,,段
Marne,Bateup,8.9.1976,mbateupli@icq.com,Polygender,,穆
Artus,McGahy,8.6.1410,amcgahylj@bloomberg.com,Female,94187 Brentwood Way,屈
Franciskus,Vignal,,fvignallk@europa.eu,Agender,,欧
,Hars,,sharsll@ameblo.jp,Non-binary,1320 Stephen Alley,鄂
Virgie,Kahn,27.2.0921,vkahnlm@springer.com,Genderqueer,6 Cambridge Trail,山
Suzy,Mussard,10.2.1909,smussardln@netscape.com,Genderfluid,9 Dorton Place,终
Julieta,Ornells,7.2.0477,jornellslo@unesco.org,Agender,,鄂
Desmond,Van Der Weedenburg,15.12.1938,dvanderweedenburglp@businessweek.com,Genderfluid,,贾
,Kilcoyne,6.2.0547,skilcoynelq@google.pl,Male,973 Acker Court,麻
Harbert,Vasilevich,1.7.0107,hvasilevichlr@seattletimes.com,Genderqueer,,穆
,Gai,16.7.1898,lgails@scribd.com,Female,459 Fisk Court,丰
Rriocard,Wisbey,16.12.0602,rwisbeylt@yellowpages.com,Non-binary,5438 Moulton Alley,汪
,Huxton,,ahuxtonlu@noaa.gov,Genderqueer,,罗
Diarmid,Pavese,,dpaveselv@geocities.jp,Genderfluid,03891 Ramsey Center,凤
Jaymee,Bilborough,,jbilboroughlw@cnet.com,Genderqueer,41 Union Park,雷
Sergei,Byatt,23.4.1421,sbyattlx@icio.us,Genderqueer,,全
Dalt,Trusdale,4.2.0564,dtrusdalely@theatlantic.com,Polygender,8220 Kipling Pass,唐
,Faloon,13.4.1508,mfaloonlz@youtube.com,Male,222 Everett Alley,常
Holli,Angrave,24.11.0222,hangravem0@weibo.com,Female,,姜
Humfried,McGahy,19.3.0039,hmcgahym1@kickstarter.com,Male,9196 Onsgard Parkway,干
,Askin,21.4.1077,laskinm2@icio.us,Genderfluid,43303 Caliangt Terrace,家
Anne-marie,Sollett,9.3.0709,asollettm3@ca.gov,Polygender,86 Golf Plaza,鲁
Jeffy,Ribchester,15.1.0389,jribchesterm4@usa.gov,Agender,,强
Sascha,Yukhov,14.11.1808,syukhovm5@goodreads.com,Male,,家
Raoul,Blount,20.2.1510,rblountm6@nydailynews.com,Bigender,,岑
Aryn,Danniel,,adannielm7@eepurl.com,Genderqueer,,郁
Bonny,Worling,25.10.1306,bworlingm8@nhs.uk,Polygender,96 Susan Road,明
,Siveter,10.4.0104,lsiveterm9@pagesperso-orange.fr,Genderqueer,3838 Talisman Trail,溥
,Mault,29.8.1858,kmaultma@howstuffworks.com,Non-binary,9 Lindbergh Center,古
,Weetch,22.5.0147,cweetchmb@hc360.com,Bigender,6792 Parkside Junction,蒋
Alyda,Mazzilli,3.2.1645,amazzillimc@msn.com,Female,,明
Claudell,Outram,27.9.1703,coutrammd@rambler.ru,Agender,,伍
Trey,Skerrett,23.7.0916,tskerrettme@ameblo.jp,Polygender,1583 Gina Trail,符
Virgilio,Rickeard,8.6.1045,vrickeardmf@shinystat.com,Female,16 Grayhawk Crossing,溥
Eduardo,Fones,29.3.0283,efonesmg@aol.com,Genderqueer,,黄
,Whittuck,1.12.0794,cwhittuckmh@technorati.com,Non-binary,6745 Clyde Gallagher Place,幸
Denys,Tinston,,dtinstonmi@nyu.edu,Polygender,,璩
,Charlesworth,28.2.0621,dcharlesworthmj@yellowpages.com,Female,90 Walton Center,喻
Mirelle,Cliss,15.5.1697,mclissmk@engadget.com,Polygender,,王
Filmore,Llorens,17.9.0423,fllorensml@dropbox.com,Genderfluid,39024 Mayer Place,明
Merilee,Whether,4.3.0378,mwhethermm@posterous.com,Male,4 Golden Leaf Way,毛
Pip,Cashmore,24.5.0093,pcashmoremn@xinhuanet.com,Non-binary,16 Melrose Circle,车
Lowe,Bryer,30.9.1173,lbryermo@washingtonpost.com,Genderfluid,,邴
Hermione,Davidwitz,8.2.0484,hdavidwitzmp@google.co.uk,Female,44476 Fair Oaks Pass,郜
Currie,Circuitt,21.6.1595,ccircuittmq@hao123.com,Non-binary,1 Corscot Center,师
Rozele,Coveny,20.10.1501,rcovenymr@salon.com,Genderqueer,6 Novick Terrace,尤
Edin,Stepney,3.10.1247,estepneyms@privacy.gov.au,Agender,13748 Continental Plaza,牛
Siward,Tilmouth,31.8.1719,stilmouthmt@prweb.com,Agender,37 Hintze Parkway,阎
Riley,Woodcock,27.4.1623,rwoodcockmu@buzzfeed.com,Bigender,0 Ronald Regan Pass,狄
,Maly,,lmalymv@nyu.edu,Agender,9223 Green Ridge Parkway,贺
Malcolm,Aimeric,,maimericmw@accuweather.com,Non-binary,,从
Shermie,Klimecki,10.11.0664,sklimeckimx@friendfeed.com,Polygender,45662 Fuller Road,林
Beret,Targetter,,btargettermy@ox.ac.uk,Male,,郁
Joline,Aggett,,jaggettmz@mapy.cz,Polygender,2 Garrison Circle,支
Kimmy,Loughhead,10.2.1232,kloughheadn0@cam.ac.uk,Non-binary,425 Coolidge Court,双
Atlante,Goschalk,1.3.0190,agoschalkn1@independent.co.uk,Male,4900 Melody Drive,牛
Miles,Arpe,3.2.1332,marpen2@github.io,Bigender,,蔡
Frankie,Wythe,,fwythen3@squarespace.com,Bigender,,须
Danica,Vasyukov,17.1.1664,dvasyukovn4@dell.com,Non-binary,7610 Knutson Way,程
Phillipe,MacKessock,,pmackessockn5@amazon.co.uk,Female,0567 Weeping Birch Crossing,宿
Balduin,Greeves,18.5.1623,bgreevesn6@histats.com,Polygender,,鲁
Reeta,Burstow,17.10.0921,rburstown7@china.com.cn,Bigender,,皮
Koralle,Youngs,1.7.0770,kyoungsn8@yale.edu,Female,747 Aberg Parkway,师
,Lecordier,18.12.0786,rlecordiern9@independent.co.uk,Male,05 Dawn Trail,毕
Abagail,Flavelle,13.10.0125,aflavellena@posterous.com,Agender,546 Harbort Place,经
Myrlene,Woehler,27.6.1058,mwoehlernb@indiegogo.com,Non-binary,2 Arkansas Lane,卢
Teddy,Causnett,24.9.0814,tcausnettnc@slate.com,Genderqueer,54 Sutherland Crossing,弘
,Kaindl,29.5.1873,mkaindlnd@hc360.com,Agender,0 Fieldstone Plaza,茅
Ransom,Hindsberg,23.2.1901,rhindsbergne@ask.com,Genderfluid,2566 Heffernan Drive,须
Manya,Pamment,,mpammentnf@issuu.com,Female,796 Susan Junction,竺
Willette,Middell,6.1.1517,wmiddellng@amazon.com,Male,,边
Marius,Folland,19.12.0933,mfollandnh@com.com,Agender,,古
Antonius,Killick,26.1.1170,akillickni@forbes.com,Genderqueer,9 Florence Place,刁
Christopher,Thurby,22.5.0064,cthurbynj@naver.com,Genderfluid,925 Redwing Parkway,厍
Rheta,Ferraretto,11.2.0336,rferrarettonk@infoseek.co.jp,Non-binary,5516 Comanche Parkway,阳
Peria,Elphick,15.8.1361,pelphicknl@ebay.co.uk,Female,,牧
Harlene,Applin,26.10.0402,happlinnm@addtoany.com,Non-binary,57 Nevada Way,程
Sherman,Verdun,18.11.0048,sverdunnn@msn.com,Genderfluid,,华
Marne,Whillock,,mwhillockno@yahoo.co.jp,Bigender,,任
Gabriellia,Dowry,7.9.1849,gdowrynp@cpanel.net,Genderfluid,,鄂
Langston,Fraschetti,13.8.0024,lfraschettinq@xing.com,Bigender,2688 Brickson Park Alley,翁
Harp,Bitterton,12.4.0959,hbittertonnr@cam.ac.uk,Genderfluid,,夔
Meryl,Darell,,mdarellns@techcrunch.com,Genderfluid,,穆
Hymie,Ekell,26.8.0149,hekellnt@chicagotribune.com,Bigender,,郗
Hallsy,Hindenburg,29.10.0200,hhindenburgnu@miitbeian.gov.cn,Female,,季
Jasmine,Heilds,19.6.0992,jheildsnv@yahoo.co.jp,Agender,00 Sutherland Hill,强
Kinnie,Dickin,2.11.0241,kdickinnw@behance.net,Bigender,99271 Lakewood Place,胡
,Yakushkev,9.10.0048,nyakushkevnx@wired.com,Male,12 Farragut Road,东
Werner,Sugarman,31.8.0691,wsugarmanny@globo.com,Genderfluid,35 Clemons Terrace,诸
,Readie,3.5.0318,kreadienz@imgur.com,Genderfluid,,段
Addie,Pim,1.5.1474,apimo0@squarespace.com,Female,,查
Tedie,Giff,24.7.1774,tgiffo1@telegraph.co.uk,Genderfluid,9330 Dwight Road,桂
Goldie,Lukasen,12.2.1836,glukaseno2@sina.com.cn,Agender,54 Anhalt Junction,鲍
Adel,Dallewater,20.1.1392,adallewatero3@indiegogo.com,Genderqueer,,尤
Candra,Kivell,27.3.1609,ckivello4@nationalgeographic.com,Female,71369 Petterle Circle,红
Aldridge,Madders,2.8.0108,amadderso5@uol.com.br,Polygender,,利
,Micklewright,15.7.1077,amicklewrighto6@dagondesign.com,Polygender,47981 Dexter Avenue,云
Cirillo,Yarrell,5.1.0066,cyarrello7@tamu.edu,Genderqueer,,艾
Quinta,Milmo,30.10.0032,qmilmoo8@nydailynews.com,Genderqueer,02795 Lake View Road,靳
Lise,Singh,11.2.1448,lsingho9@linkedin.com,Polygender,,白
,Ellaway,28.2.0867,cellawayoa@tuttocitta.it,Genderqueer,,历
,Gottelier,,tgottelierob@paypal.com,Male,34996 Hazelcrest Drive,咸
Carree,Rayburn,25.11.1487,crayburnoc@drupal.org,Genderfluid,27099 Sachs Parkway,耿
,Pepye,9.5.1060,rpepyeod@seesaa.net,Genderqueer,57 Canary Terrace,仲
Lia,Chiechio,11.12.1530,lchiechiooe@yellowpages.com,Non-binary,797 Sunfield Court,桑
,Baldoni,29.2.0260,ibaldoniof@japanpost.jp,Bigender,59 Upham Alley,吕
Kalindi,Tregiddo,,ktregiddoog@irs.gov,Polygender,7238 American Way,解
Celina,Prowse,28.6.1126,cprowseoh@twitter.com,Non-binary,4936 Oxford Terrace,甄
Mellisent,Towe,3.7.0368,mtoweoi@jalbum.net,Non-binary,,郁
Ilario,Seebright,14.1.0569,iseebrightoj@eventbrite.com,Polygender,75409 Stoughton Junction,山
,Congdon,2.2.0989,lcongdonok@icq.com,Polygender,,巴
Elmore,Farress,31.3.1459,efarressol@blog.com,Non-binary,5 Arizona Center,仰
Wait,Cressingham,,wcressinghamom@de.vu,Bigender,1 Ryan Parkway,莘
Dori,Gayler,26.4.1496,dgayleron@cargocollective.com,Male,225 Bonner Parkway,严
Suzanna,Janouch,14.3.0354,sjanouchoo@dmoz.org,Female,64 Mitchell Park,蓬
Janina,Andreoletti,9.7.0307,jandreolettiop@symantec.com,Polygender,227 Browning Park,许
Tamma,Quail,21.3.1732,tquailoq@blogger.com,Genderqueer,,计
Tiebold,Reinhardt,19.8.1146,treinhardtor@illinois.edu,Female,9854 Talmadge Avenue,明
,Warmington,3.8.1696,mwarmingtonos@so-net.ne.jp,Genderfluid,,蔡
Matthias,Jessope,8.7.0478,mjessopeot@bloglines.com,Genderfluid,,毕
Gustavus,Dalrymple,5.9.0359,gdalrympleou@ehow.com,Genderqueer,,咸
Regan,Tingcomb,,rtingcombov@aol.com,Genderqueer,,虞
,Itchingham,7.3.1714,gitchinghamow@dailymail.co.uk,Genderfluid,4 Mayfield Trail,相
Shanda,Gillespey,24.11.0059,sgillespeyox@shop-pro.jp,Non-binary,,方
Gayel,Schreurs,9.9.0594,gschreursoy@pcworld.com,Genderqueer,44 Sunnyside Junction,屠
Melly,Prinne,8.6.0928,mprinneoz@miibeian.gov.cn,Genderqueer,44086 Mifflin Crossing,滑
Tallie,Erangey,25.10.0258,terangeyp0@blogs.com,Bigender,733 Lakeland Circle,敖
Thornton,Kohrs,27.1.1994,tkohrsp1@xinhuanet.com,Genderqueer,,易
Fayth,Ege,6.4.0195,fegep2@wisc.edu,Agender,63 High Crossing Crossing,邬
Berta,Beyer,,bbeyerp3@admin.ch,Agender,74 Colorado Terrace,井
,Giacopini,,agiacopinip4@about.me,Agender,5 Dawn Alley,费
Jamill,Duiguid,9.8.1171,jduiguidp5@facebook.com,Genderqueer,,鞠
Twyla,Antic,11.11.0310,tanticp6@ustream.tv,Bigender,07499 Nobel Place,凌
Bartel,Ateridge,2.7.0627,bateridgep7@globo.com,Genderfluid,18660 Farwell Alley,凌
Buddy,Ryam,8.11.1650,bryamp8@engadget.com,Genderfluid,,沃
Van,Breacher,28.8.0403,vbreacherp9@deviantart.com,Male,43 Knutson Center,弘
Elsi,Jeroch,14.2.0152,ejerochpa@clickbank.net,Female,,通
Leyla,Auchinleck,,lauchinleckpb@fc2.com,Agender,,厍
,Attril,24.4.0281,tattrilpc@ucsd.edu,Bigender,,褚
Melvin,Zum Felde,5.9.0263,mzumfeldepd@ed.gov,Non-binary,7844 Comanche Street,潘
Ezmeralda,Sears,19.9.1387,esearspe@abc.net.au,Polygender,9 Superior Place,别
Lambert,Kinahan,17.7.1500,lkinahanpf@usda.gov,Genderfluid,1 Pierstorff Hill,冀
Katey,Woltman,,kwoltmanpg@istockphoto.com,Genderqueer,,历
Georges,Sandford,17.12.0179,gsandfordph@sogou.com,Male,,养
Yelena,Innett,10.2.0891,yinnettpi@sbwire.com,Non-binary,0018 John Wall Way,昌
Brien,Feltham,8.12.0113,bfelthampj@dropbox.com,Agender,88 Reinke Plaza,凤
Kirk,Russilll,22.5.0544,krussilllpk@washingtonpost.com,Male,6 Oakridge Trail,勾
Mitchel,Gilluley,8.3.0254,mgilluleypl@bizjournals.com,Genderqueer,,庞
Gonzales,De Bruin,20.12.0847,gdebruinpm@cdc.gov,Non-binary,5 Grasskamp Center,戈
Freda,Hanhardt,30.9.1280,fhanhardtpn@webnode.com,Non-binary,,詹
Batholomew,Stump,24.12.0821,bstumppo@berkeley.edu,Male,,茅
Nani,Rollason,,nrollasonpp@i2i.jp,Male,17 Artisan Road,宋
Stavro,Hizir,,shizirpq@phpbb.com,Genderfluid,11374 Lotheville Point,潘
Evelyn,Fanton,,efantonpr@latimes.com,Genderqueer,27 Buhler Junction,堵
Mufi,Lenglet,,mlengletps@friendfeed.com,Bigender,5734 Doe Crossing Lane,季
Isidoro,Goldie,3.4.1080,igoldiept@livejournal.com,Polygender,65422 Bunker Hill Lane,纪
Windy,Walisiak,,wwalisiakpu@dailymotion.com,Female,76792 Helena Parkway,晏
Rosalinde,Saffrin,17.7.2005,rsaffrinpv@oracle.com,Genderfluid,2262 Ludington Center,戚
Ingaberg,Caddell,1.3.0450,icaddellpw@bloglovin.com,Female,47 Rutledge Circle,谈
,Antczak,30.5.1125,santczakpx@zdnet.com,Bigender,4 Acker Parkway,车
Page,Aisman,23.10.1689,paismanpy@163.com,Genderfluid,60 Leroy Alley,桂
Virginie,Glaum,15.7.0160,vglaumpz@histats.com,Bigender,967 Aberg Trail,卞
Denney,Bolf,17.3.1490,dbolfq0@sitemeter.com,Genderqueer,3 Dakota Plaza,侯
Lillian,Wyrill,11.12.1282,lwyrillq1@tiny.cc,Agender,8 Trailsway Circle,满
,Taillant,26.11.0737,jtaillantq2@eventbrite.com,Genderfluid,69 Prairieview Crossing,须
,Faraker,9.1.0172,rfarakerq3@va.gov,Agender,,喻
Maurizia,Sidebotham,17.9.0359,msidebothamq4@tinypic.com,Polygender,2292 Grover Plaza,邱
Jessey,Ruthen,29.1.1437,jruthenq5@printfriendly.com,Genderqueer,6061 Rockefeller Court,利
Sosanna,Gloves,20.1.1702,sglovesq6@bizjournals.com,Polygender,,麻
Julius,Conant,27.9.1648,jconantq7@live.com,Polygender,,皮
Angelle,Minchinton,10.5.1264,aminchintonq8@webeden.co.uk,Genderqueer,91 Kim Parkway,方
Sergeant,Carlow,27.10.0742,scarlowq9@springer.com,Male,160 Gina Junction,俞
Hinze,Cocher,28.11.1716,hcocherqa@epa.gov,Bigender,1 Bowman Pass,荆
Hi,Hasker,8.5.0705,hhaskerqb@sohu.com,Bigender,62 Esch Parkway,危
Sandro,Peto,26.9.0772,spetoqc@rediff.com,Genderfluid,,萧
Brod,Cutford,,bcutfordqd@youtu.be,Bigender,24759 Derek Lane,卫
Eduard,Lambrook,21.8.0024,elambrookqe@geocities.jp,Genderqueer,57 Upham Trail,蒋
Marna,Puttock,,mputtockqf@exblog.jp,Genderfluid,7080 Express Park,巢
Karna,Fullman,22.7.0295,kfullmanqg@jimdo.com,Bigender,82444 Ronald Regan Street,蒲
,Bucksey,11.7.0805,ubuckseyqh@seesaa.net,Female,9842 Porter Park,巫
Jordon,Forten,,jfortenqi@oakley.com,Bigender,027 Mallard Plaza,乜
Free,Dincey,18.11.0374,fdinceyqj@symantec.com,Agender,03 Arrowood Point,广
Adah,Juares,,ajuaresqk@wikia.com,Agender,89088 Lunder Terrace,惠
,Moat,8.12.0149,emoatql@ovh.net,Bigender,9 Sage Lane,郝
Laraine,Bartlet,10.12.1025,lbartletqm@google.ru,Bigender,,芮
Muriel,Bollen,,mbollenqn@friendfeed.com,Female,08357 Green Place,耿
Rosalind,Irwin,15.5.1933,rirwinqo@ed.gov,Genderqueer,82379 Anthes Street,魏
Faulkner,Carlesso,5.10.1065,fcarlessoqp@eventbrite.com,Genderfluid,162 Fulton Hill,芮
Chandal,Womersley,30.6.0162,cwomersleyqq@bravesites.com,Male,,羿
,Draye,30.4.0308,ddrayeqr@tamu.edu,Bigender,518 Arizona Street,伍
,Bellringer,18.4.0338,ebellringerqs@tumblr.com,Bigender,,甘
Mariette,Ivic,10.1.1485,mivicqt@sourceforge.net,Male,65 Meadow Ridge Lane,宓
,Moggle,14.4.1383,amogglequ@businesswire.com,Genderfluid,796 Waxwing Plaza,翁
Carver,Lansdown,,clansdownqv@macromedia.com,Polygender,,向
,Topham,27.8.0597,dtophamqw@state.gov,Genderfluid,,别
Maddy,Prujean,,mprujeanqx@ox.ac.uk,Polygender,,平
Hillel,Viggars,18.5.0640,hviggarsqy@earthlink.net,Non-binary,1 Stoughton Street,祁
Ram,Brundall,1.1.1172,rbrundallqz@thetimes.co.uk,Agender,,贺
Leela,Marwood,10.1.1032,lmarwoodr0@51.la,Agender,,经
Crosby,MacGillavery,23.9.1221,cmacgillaveryr1@chicagotribune.com,Genderfluid,,季
Inga,Sivess,,isivessr2@clickbank.net,Non-binary,,卞
Selene,Shepherdson,6.4.1643,sshepherdsonr3@google.co.jp,Genderqueer,,窦
Emlen,Robertson,22.8.1586,erobertsonr4@toplist.cz,Male,,卫
Daisy,Filyushkin,20.8.1093,dfilyushkinr5@youtube.com,Genderfluid,326 Spenser Parkway,牧
Maddalena,Lannen,14.1.1179,mlannenr6@nasa.gov,Genderqueer,,暴
Bert,Barck,28.5.1574,bbarckr7@spiegel.de,Polygender,,段
Stevy,O'Mannion,5.8.0355,somannionr8@issuu.com,Genderqueer,,成
,Folomin,16.5.0040,afolominr9@ted.com,Male,7911 Brickson Park Junction,权
Stefania,Hawtrey,31.1.0388,shawtreyra@miitbeian.gov.cn,Bigender,61215 Tony Hill,卓
,Newcomen,9.10.1840,anewcomenrb@unicef.org,Polygender,7583 Service Court,尚
Juliette,Overington,7.6.0448,joveringtonrc@soundcloud.com,Female,,养
Jeana,Jerzak,24.9.1294,jjerzakrd@live.com,Genderqueer,,郭
Katrine,Wilsee,19.2.0094,kwilseere@amazon.de,Genderfluid,5 Russell Way,仇
Joseito,Firidolfi,22.12.0532,jfiridolfirf@nbcnews.com,Genderqueer,,史
,Mathou,21.6.1977,amathourg@theglobeandmail.com,Male,,步
Tailor,Blackham,25.4.1109,tblackhamrh@foxnews.com,Non-binary,,廖
Noble,Cariss,1.11.0025,ncarissri@google.co.uk,Polygender,,裘
Karoly,Seavers,21.6.0511,kseaversrj@vimeo.com,Non-binary,8644 Spaight Place,厍
Madelaine,Gull,19.11.0506,mgullrk@printfriendly.com,Male,,童
Keely,Greenshields,28.9.0212,kgreenshieldsrl@themeforest.net,Bigender,469 Pennsylvania Circle,辛
Korey,Pfaff,,kpfaffrm@smh.com.au,Bigender,301 Monument Hill,温
Shannen,Flatt,11.10.1983,sflattrn@dion.ne.jp,Genderqueer,,融
Bibbie,Larter,,blarterro@ca.gov,Bigender,,那
Auria,Hambleton,23.5.1929,ahambletonrp@multiply.com,Female,,樊
Akim,Hentzer,10.2.1744,ahentzerrq@webs.com,Male,,周
Torey,Lugton,30.3.1847,tlugtonrr@yelp.com,Non-binary,74 Village Circle,伊
